coverage_id,term_id,coverage_code,limit_per_occurrence,limit_per_person,deductible,rental_daily_limit,rental_max_days
a93d3c75-ff2f-4dc5-2bb2-2ca1f504cdfd,3209068d-a3dd-4068-6b82-af8bb6c2bf07,COLL,50000,,500,,
eff513ea-bf0d-4027-ee99-c02cf9a26784,3209068d-a3dd-4068-6b82-af8bb6c2bf07,COMP,30000,,250,,
7f2b517e-bb52-4d41-c806-c9f71bea4fa4,3209068d-a3dd-4068-6b82-af8bb6c2bf07,RENT,1200,,,40,30
7470f58d-01cf-4c4e-16cf-207f033fe945,3209068d-a3dd-4068-6b82-af8bb6c2bf07,TOW,150,,,,
b8336726-a1fb-43b4-8736-9339779092e3,cc0ace92-683a-4ecc-4374-97ab75fee095,COLL,50000,,500,,
5465ff32-1626-4f45-bc1c-a535fba1201d,cc0ace92-683a-4ecc-4374-97ab75fee095,COMP,30000,,250,,
d8e59edd-2d79-46ae-0c83-5123e0f9a091,cc0ace92-683a-4ecc-4374-97ab75fee095,RENT,1200,,,40,30
d6df39b3-a16d-4815-8f33-6ddbe3b796bc,65af624f-fa69-44f3-4dc1-a38b0e249ed4,COLL,50000,,500,,
fd09907f-842a-4dec-48c9-f8a615bd8d72,65af624f-fa69-44f3-4dc1-a38b0e249ed4,COMP,30000,,500,,
12fa2bc3-066d-43ef-ae84-449bee85d07d,65af624f-fa69-44f3-4dc1-a38b0e249ed4,RENT,1200,,,40,30
c0e67e60-7cd8-4d85-1be3-f8c7f413d041,bce89f06-e7bc-41fc-1aef-4199cc37a156,COLL,30000,,1000,,
a894d397-32cf-48c1-89b1-f901132e0c05,bce89f06-e7bc-41fc-1aef-4199cc37a156,COMP,25000,,500,,
84370424-c596-4a43-1543-0c0febb6d516,bce89f06-e7bc-41fc-1aef-4199cc37a156,RENT,1200,,,40,30
3ebfa2f7-802a-4c75-204d-bc2799f208e7,bce89f06-e7bc-41fc-1aef-4199cc37a156,TOW,150,,,,
31ffdff1-50dc-40d3-4d85-e739876447ad,1d3d724b-9f8e-4171-cbfc-5f4a7c53e59e,COLL,50000,,500,,
4daf4459-c591-41dd-496b-06d4be7bc137,1d3d724b-9f8e-4171-cbfc-5f4a7c53e59e,COMP,25000,,500,,
2e577a57-f83e-4cfd-8905-775f63879433,1d3d724b-9f8e-4171-cbfc-5f4a7c53e59e,RENT,1200,,,40,30
f10f7434-0742-4fd3-36d6-b267df6aed25,93bbc29e-9658-44c1-18cd-b9f0b1d9e862,COLL,30000,,500,,
d07395c9-8aa4-4f42-617d-761aeb48f753,93bbc29e-9658-44c1-18cd-b9f0b1d9e862,COMP,30000,,500,,
47a8943f-bc94-4550-4ce0-8b0e778fdf37,93bbc29e-9658-44c1-18cd-b9f0b1d9e862,RENT,1200,,,40,30
1dcc372f-e102-4bd0-36eb-87fd476f84ec,6bf00f27-6e68-4709-9b58-8e88c7cc28ec,COLL,50000,,500,,
03ada29b-ccc3-4e88-7068-ab2aca3b0f33,6bf00f27-6e68-4709-9b58-8e88c7cc28ec,COMP,25000,,500,,
4eef4361-ac46-42bc-c1e9-b02f90306669,6bf00f27-6e68-4709-9b58-8e88c7cc28ec,RENT,1200,,,40,30
6e08ca73-2500-4ffa-daf2-20b49b43a743,31178cbc-2e0e-4786-4a8f-64f9808f17f8,COLL,50000,,1000,,
b941b6bc-cc8f-4cb7-a194-fd65d3353381,31178cbc-2e0e-4786-4a8f-64f9808f17f8,COMP,30000,,500,,
cc6ddd28-566b-46e6-0898-0fb46f70b8e3,31178cbc-2e0e-4786-4a8f-64f9808f17f8,RENT,1200,,,40,30
9aa42a80-2e21-4675-a1f8-3c857910f341,aa3185d6-9ad3-4bb0-abe0-bfc44cd1741c,COLL,30000,,1000,,
88855563-6913-4138-0a04-0b3d8c414c70,aa3185d6-9ad3-4bb0-abe0-bfc44cd1741c,COMP,30000,,250,,
dd216f01-ff6f-4c28-69d9-bb431841f0ab,aa3185d6-9ad3-4bb0-abe0-bfc44cd1741c,RENT,1200,,,40,30
cede5193-7957-420d-0795-ccb83886cbc3,aa3185d6-9ad3-4bb0-abe0-bfc44cd1741c,TOW,150,,,,
6f858f85-515d-4f97-82f8-ce06a6ec7803,396c0a07-919e-4958-3fd6-4b8e6a207379,COLL,50000,,1000,,
909d6b0a-5fcd-42b5-d944-8af85c9fdf25,396c0a07-919e-4958-3fd6-4b8e6a207379,COMP,30000,,250,,
9c6c7732-5c04-424c-0fa6-60e45c20f4c6,396c0a07-919e-4958-3fd6-4b8e6a207379,RENT,1200,,,40,30
9f5c61a2-27f6-415b-454e-775318d16e47,94984395-0c9e-4759-d272-234f79eae14b,COLL,25000,,1000,,
ea598e6a-1b3c-42c3-78a6-e49b79f4d045,94984395-0c9e-4759-d272-234f79eae14b,COMP,25000,,500,,
a36a6b2a-ef93-4027-5046-0d31649a41b9,94984395-0c9e-4759-d272-234f79eae14b,RENT,1200,,,40,30
57e41cca-3f1e-4ed8-e434-867ed294a18c,ed11ab29-36a4-40bd-d185-0e4a2db43d73,COLL,50000,,1000,,
b2d3856f-8caf-4878-85f7-16611ea53ac6,ed11ab29-36a4-40bd-d185-0e4a2db43d73,COMP,25000,,250,,
d77821e9-525a-4a5f-79b9-01e3ef074baf,ed11ab29-36a4-40bd-d185-0e4a2db43d73,RENT,1200,,,40,30
df249d71-3ed0-4cd2-21f7-0245c676a078,ed11ab29-36a4-40bd-d185-0e4a2db43d73,TOW,150,,,,
0259df3e-19ee-4474-512f-d0c3077d650e,7cc56cea-8174-4593-f19c-b6ac1fe17a3d,COLL,30000,,1000,,
9a5bb597-8a7f-41df-ec59-b6b71534bece,7cc56cea-8174-4593-f19c-b6ac1fe17a3d,COMP,30000,,250,,
f891c873-5926-4572-8e55-afc3dcda9b54,7cc56cea-8174-4593-f19c-b6ac1fe17a3d,RENT,1200,,,40,30
cb7bec7b-bc2e-4995-f23c-36e936caa583,7cc56cea-8174-4593-f19c-b6ac1fe17a3d,TOW,150,,,,
478b31bd-4b05-4716-9fe5-e5fec513ba8f,ec8248b5-4a51-4156-5bc6-4b82e6d77784,COLL,50000,,500,,
37d94553-f669-43a1-d2b4-79afb7ae6e0f,ec8248b5-4a51-4156-5bc6-4b82e6d77784,COMP,30000,,500,,
33206497-9445-42f6-d08c-8bf8323fc7b3,ec8248b5-4a51-4156-5bc6-4b82e6d77784,RENT,1200,,,40,30
d2904b5e-8adb-4827-1526-11bfccee6481,ec8248b5-4a51-4156-5bc6-4b82e6d77784,TOW,150,,,,
aedaf078-94e9-4b0d-4a7a-924ce01bb6ff,018d59a0-8777-4a70-f01f-de64c595eab1,COLL,25000,,500,,
287b07cb-3cf1-4602-d73b-06866073374e,018d59a0-8777-4a70-f01f-de64c595eab1,COMP,25000,,500,,
da88654e-f799-4080-fa1f-e32f3b053df1,018d59a0-8777-4a70-f01f-de64c595eab1,RENT,1200,,,40,30
5a4665ef-948d-47c3-de52-86a2d796797b,38576b09-4b98-4bc9-9046-370d8d3a5875,COLL,30000,,500,,
09ee3cc6-0cc0-44be-938c-cf0fcc7c4af4,38576b09-4b98-4bc9-9046-370d8d3a5875,COMP,25000,,500,,
e172ea82-ebfa-4cb4-7a67-fb3a5f53e8bb,38576b09-4b98-4bc9-9046-370d8d3a5875,RENT,1200,,,40,30
0c7eced4-97d1-4b29-b12e-abd1958f7e88,38576b09-4b98-4bc9-9046-370d8d3a5875,TOW,150,,,,
6b8864bb-3e68-4033-d3ff-80973ab996c8,846233ea-2aba-4b37-8b81-aa20b0f29bd4,COLL,30000,,500,,
df29752e-8984-4cf5-85d6-7fee2f81d0aa,846233ea-2aba-4b37-8b81-aa20b0f29bd4,COMP,25000,,500,,
b439ebdb-ec27-434c-b5b7-91dc658aafc4,846233ea-2aba-4b37-8b81-aa20b0f29bd4,RENT,1200,,,40,30
69c3f1d9-50f1-44b4-fe64-3dffa2a5b125,846233ea-2aba-4b37-8b81-aa20b0f29bd4,TOW,150,,,,
0cc1ad60-830d-4804-af08-35034af685a2,e8dbf60a-e3c4-4bad-5c06-3a3a7b45b859,COLL,30000,,1000,,
b6e19cd7-271a-43ac-2ccc-f372adbddb5d,e8dbf60a-e3c4-4bad-5c06-3a3a7b45b859,COMP,30000,,250,,
7cfa899a-8229-4f4d-8c7c-97c8856fbfa9,e8dbf60a-e3c4-4bad-5c06-3a3a7b45b859,RENT,1200,,,40,30
0f343b99-c121-4d75-86e5-7a6cf93f4901,8ce36dc1-8926-4128-b2b4-2ae421382abc,COLL,50000,,500,,
f0612b27-03d4-469b-0e60-8c7b6c99caf5,8ce36dc1-8926-4128-b2b4-2ae421382abc,COMP,25000,,500,,
e62657bc-5f6c-4a55-0366-0215fbdc770d,8ce36dc1-8926-4128-b2b4-2ae421382abc,RENT,1200,,,40,30
baa11ac2-bf0e-4193-2607-149c995ce4ea,8ce36dc1-8926-4128-b2b4-2ae421382abc,TOW,150,,,,
83aa4715-acf2-459a-551e-f308de80cd89,19424852-8fc0-40e4-cb5f-bac34b88bf06,COLL,30000,,500,,
b1cf2df4-cc74-4679-119f-844e8eccc50c,19424852-8fc0-40e4-cb5f-bac34b88bf06,COMP,25000,,250,,
fab6af3c-b048-4be5-80cb-07bf390dfe7c,19424852-8fc0-40e4-cb5f-bac34b88bf06,RENT,1200,,,40,30
3a655b4b-0d5f-4033-3240-1e75b3896db3,19424852-8fc0-40e4-cb5f-bac34b88bf06,TOW,150,,,,
a6deb8bc-10ea-4d8f-5bbb-11c7c475b1b4,3e89c2ea-b364-43a8-de37-4a4edfdb2c2c,COLL,25000,,500,,
6c3517ad-9481-4114-3587-c6462e7ebcfe,3e89c2ea-b364-43a8-de37-4a4edfdb2c2c,COMP,25000,,250,,
f70e9c3f-6513-448f-d001-fa6312557481,3e89c2ea-b364-43a8-de37-4a4edfdb2c2c,RENT,1200,,,40,30
35b7f01a-39ed-429c-b768-8c3aa73524f5,3e89c2ea-b364-43a8-de37-4a4edfdb2c2c,TOW,150,,,,
b1486b2d-78bf-4de8-7c7d-09efb592e764,8f7960f9-c47e-4013-3a44-54b965e28d38,COLL,25000,,1000,,
f6dfd00f-4116-4ac3-efdc-ac9c13abb4c4,8f7960f9-c47e-4013-3a44-54b965e28d38,COMP,25000,,500,,
2de480a7-f071-4a1a-67a1-805e7ad68b19,8f7960f9-c47e-4013-3a44-54b965e28d38,RENT,1200,,,40,30
ed440e3f-3f00-4504-a374-efab794922ed,28f5dd39-124d-4cea-f7b4-003046ad9c27,COLL,25000,,500,,
6072022a-c87e-4a90-e7da-436f2f73d40a,28f5dd39-124d-4cea-f7b4-003046ad9c27,COMP,30000,,250,,
fe8b1dd5-626a-476e-54ac-799695d03c2e,28f5dd39-124d-4cea-f7b4-003046ad9c27,RENT,1200,,,40,30
03f73368-8fcc-4faa-6bb0-7187751627a9,8398b676-5fa8-4d2f-a9e4-51d959290b98,COLL,25000,,500,,
3229688c-683c-464b-988d-6aa4b3155bde,8398b676-5fa8-4d2f-a9e4-51d959290b98,COMP,25000,,500,,
04f65c00-a58c-4b7c-4052-f5ab9534b60a,8398b676-5fa8-4d2f-a9e4-51d959290b98,RENT,1200,,,40,30
9d93888c-dda0-47b5-47e4-49e8f03c376c,595c9017-8888-4032-9cb1-70709af072e6,COLL,30000,,500,,
200497e6-d0b0-4f82-f34f-b2dea138f7c2,595c9017-8888-4032-9cb1-70709af072e6,COMP,30000,,500,,
89424ccd-28ed-4a4f-a414-e8e04d9768b2,595c9017-8888-4032-9cb1-70709af072e6,RENT,1200,,,40,30
9ccb95d9-63ef-4b3b-7597-647956bc5cba,037cc312-78f7-4071-9b65-90b60316c186,COLL,25000,,1000,,
96140ee2-39eb-4b14-8b00-0d7cd78a216c,037cc312-78f7-4071-9b65-90b60316c186,COMP,25000,,250,,
6010c168-545b-4497-5739-a169d7238c32,037cc312-78f7-4071-9b65-90b60316c186,RENT,1200,,,40,30
0aa3ec04-258d-426b-6c96-d8382aaae75c,037cc312-78f7-4071-9b65-90b60316c186,TOW,150,,,,
ee695abc-c7ff-4c19-2fc7-7dbf9b3cba10,166e350e-cfa3-4f4e-19fd-8c2041d71518,COLL,30000,,500,,
92ad97b7-0cfe-467e-81ff-9d7e670b37ec,166e350e-cfa3-4f4e-19fd-8c2041d71518,COMP,25000,,500,,
631482d1-9b81-493d-4f8e-63d6defb261e,166e350e-cfa3-4f4e-19fd-8c2041d71518,RENT,1200,,,40,30
8bb5395a-e290-411c-4db1-14c4e76dd953,6a7d2606-73dc-4f6c-d01c-eaf2ab8015a7,COLL,25000,,500,,
2a81fd8a-4fcc-4f96-5cb0-afee009d931b,6a7d2606-73dc-4f6c-d01c-eaf2ab8015a7,COMP,25000,,250,,
d32d048f-995e-4486-b6a4-58dde21bdb0c,6a7d2606-73dc-4f6c-d01c-eaf2ab8015a7,RENT,1200,,,40,30
978d1193-e54d-4f45-b76d-5e326d6bdcf7,6a7d2606-73dc-4f6c-d01c-eaf2ab8015a7,TOW,150,,,,
9935c82a-8fec-49c8-e2d5-4bf78ccca5d2,a530d891-2dd5-4550-3b9f-850503bad31a,COLL,25000,,1000,,
1df3b3ec-4695-41d8-0193-d406df8440bc,a530d891-2dd5-4550-3b9f-850503bad31a,COMP,25000,,250,,
f666fb75-890d-4e20-767c-fa4264bfb09f,a530d891-2dd5-4550-3b9f-850503bad31a,RENT,1200,,,40,30
028e5fc0-d58d-4de7-e750-51d0567722c4,a530d891-2dd5-4550-3b9f-850503bad31a,TOW,150,,,,
c5491ca2-ecb8-4740-9379-b61a6779f6c3,e28e97cb-97b4-46e5-a1c8-57a3cf539642,COLL,30000,,500,,
13255a0d-d601-4663-f31b-58c878a5df6d,e28e97cb-97b4-46e5-a1c8-57a3cf539642,COMP,30000,,500,,
218f4c50-50f3-428e-1bd2-1a73fe667088,e28e97cb-97b4-46e5-a1c8-57a3cf539642,RENT,1200,,,40,30
0db732f6-1a08-4568-f128-44205c98f2f3,e28e97cb-97b4-46e5-a1c8-57a3cf539642,TOW,150,,,,
e1c25ca0-11b9-4f97-71fe-d37beaaff3d3,ff223bb0-6cf8-494c-5e3f-ea542178fa3e,COLL,25000,,500,,
5783150f-de96-4dfb-7949-db162d11d246,ff223bb0-6cf8-494c-5e3f-ea542178fa3e,COMP,30000,,500,,
66fc2066-accd-4b1a-a40b-c4afc8fb4738,ff223bb0-6cf8-494c-5e3f-ea542178fa3e,RENT,1200,,,40,30
b415f025-7bc0-413e-0aad-bcacb5343bd7,4ed85541-1071-4d3c-3871-c9ae747ae88b,COLL,30000,,1000,,
f0ff79f0-790f-44ca-d827-3d35a1390163,4ed85541-1071-4d3c-3871-c9ae747ae88b,COMP,30000,,250,,
e8b4493b-bb58-4ec9-32c0-c76dc2444d1c,4ed85541-1071-4d3c-3871-c9ae747ae88b,RENT,1200,,,40,30
de984284-de78-46a1-dc44-fb6bd503a818,2fe44875-5cbd-482f-9813-08bfff6411b1,COLL,50000,,500,,
a485ce61-913c-45ef-b03d-67e0ee5d6608,2fe44875-5cbd-482f-9813-08bfff6411b1,COMP,30000,,500,,
153caa87-51aa-44d0-c30f-bcf86041bbeb,2fe44875-5cbd-482f-9813-08bfff6411b1,RENT,1200,,,40,30
8b2d868a-54b0-47ac-9d2a-95d547ab6397,5dcf670d-43a1-4801-d779-6d1a4e086155,COLL,30000,,1000,,
6d983bd3-a46f-4902-b3d3-0e4de6e24559,5dcf670d-43a1-4801-d779-6d1a4e086155,COMP,30000,,500,,
7111b8ed-dfeb-4f5a-dbbf-9d0dfb8c313c,5dcf670d-43a1-4801-d779-6d1a4e086155,RENT,1200,,,40,30
130a93a2-c11e-4e24-4e07-2b3b9abda22a,94453687-cafd-4b11-109d-3f9a592b868d,COLL,30000,,1000,,
c7d28ced-0bc2-4a36-1363-f34df6cbb614,94453687-cafd-4b11-109d-3f9a592b868d,COMP,30000,,250,,
31ba1439-0fbf-4662-47b3-bb1ae7f4002c,94453687-cafd-4b11-109d-3f9a592b868d,RENT,1200,,,40,30
9661e762-eaa2-4b12-acb5-de8ecc33d55c,94453687-cafd-4b11-109d-3f9a592b868d,TOW,150,,,,
cc2cefc9-7ffa-4ce5-7ae1-6136bc0292d7,e6d7a7ae-f3b0-4b4f-8cd1-6e8d7cd80f40,COLL,50000,,1000,,
9870f5de-2007-4e0f-04d3-ed00a74173a9,e6d7a7ae-f3b0-4b4f-8cd1-6e8d7cd80f40,COMP,30000,,500,,
3c996a2f-1843-4319-69c0-e10894099645,e6d7a7ae-f3b0-4b4f-8cd1-6e8d7cd80f40,RENT,1200,,,40,30
40e94371-6bf4-4991-1924-5a5368361f96,69bdfcd2-05d0-4ed5-0510-a17d4d8f87df,COLL,25000,,500,,
2aaa7d55-3c6b-47c6-0751-e7e14674af28,69bdfcd2-05d0-4ed5-0510-a17d4d8f87df,COMP,30000,,500,,
ec6884de-b3c8-4069-cc7b-fb0613a271da,69bdfcd2-05d0-4ed5-0510-a17d4d8f87df,RENT,1200,,,40,30
ebaa8a74-ab98-4835-0afa-ec2992f055b1,69bdfcd2-05d0-4ed5-0510-a17d4d8f87df,TOW,150,,,,
6e3eb279-d382-4b42-8ac5-d9c58b9cc079,00bea415-91ff-4912-738a-a62900690ad2,COLL,30000,,500,,
06bb18ad-ac25-45c7-aace-86a3bb9385d2,00bea415-91ff-4912-738a-a62900690ad2,COMP,25000,,500,,
8a234368-1547-4df1-39ed-74a0d72140d4,00bea415-91ff-4912-738a-a62900690ad2,RENT,1200,,,40,30
957c92f8-f044-4596-bb24-2884eb58bd8d,fe64f3dc-a508-4beb-49eb-2d9ce8bc5c89,COLL,50000,,1000,,
be367274-8eb5-4709-8201-e762ffe9323d,fe64f3dc-a508-4beb-49eb-2d9ce8bc5c89,COMP,30000,,250,,
4d55645d-8aed-4069-66f0-4edda9874eea,fe64f3dc-a508-4beb-49eb-2d9ce8bc5c89,RENT,1200,,,40,30
56e07194-33f7-45c9-8945-e999b0d0bc56,a2435510-9bf4-410c-ce6d-01559a3ed4e5,COLL,30000,,500,,
9249d3c6-4066-4453-bfde-6394b2fe7577,a2435510-9bf4-410c-ce6d-01559a3ed4e5,COMP,25000,,500,,
597a9115-7add-45c8-b978-46df8af7682d,a2435510-9bf4-410c-ce6d-01559a3ed4e5,RENT,1200,,,40,30
d36de1f7-49ea-4af5-c1d8-647933605c93,a2435510-9bf4-410c-ce6d-01559a3ed4e5,TOW,150,,,,
88722860-18e6-41e6-b10c-0f64c8f25775,78acaa7c-42e3-413f-5997-ee31e9298961,COLL,30000,,1000,,
31eb60ef-2d13-44b7-d63b-a7d0fc541a4b,78acaa7c-42e3-413f-5997-ee31e9298961,COMP,30000,,250,,
595d2f5e-4c13-4f2d-314e-e5a47d241e29,78acaa7c-42e3-413f-5997-ee31e9298961,RENT,1200,,,40,30
5c7f18a7-dde3-4beb-49c9-0164e6b8f111,3affd314-e909-4f39-4142-20c9e5621fd0,COLL,25000,,500,,
6ae61d00-8fd6-4a2a-37d1-4a814c8e85b6,3affd314-e909-4f39-4142-20c9e5621fd0,COMP,30000,,250,,
3a1cb33f-9d30-4511-73a9-f1fff2e29a79,3affd314-e909-4f39-4142-20c9e5621fd0,RENT,1200,,,40,30
58b0ad86-75b8-4680-597d-aac72f74945c,3affd314-e909-4f39-4142-20c9e5621fd0,TOW,150,,,,
fbcd6a45-a2f8-40e9-9660-52d39846eb7f,19991699-8290-4354-5417-5c247fe99189,COLL,50000,,500,,
6385fb45-994d-451f-f46f-29e1816c307a,19991699-8290-4354-5417-5c247fe99189,COMP,25000,,250,,
2416d2d1-0f20-4319-13ce-20de692fc624,19991699-8290-4354-5417-5c247fe99189,RENT,1200,,,40,30
9bd85afd-f558-4281-cbe7-34cba61bdce7,df3ef903-2d0c-4849-6a70-f8ea361ffb2d,COLL,25000,,500,,
d9f1674b-284d-4ab9-9e77-ee57a5c5a2b5,df3ef903-2d0c-4849-6a70-f8ea361ffb2d,COMP,25000,,500,,
c8756cc6-a80f-459b-2e7e-fcf4279cf38d,df3ef903-2d0c-4849-6a70-f8ea361ffb2d,RENT,1200,,,40,30
d52544ad-fde8-4aa7-8363-dc922f5fd0a2,df3ef903-2d0c-4849-6a70-f8ea361ffb2d,TOW,150,,,,
3ca845c7-a5f6-414f-79bd-c52338f9997e,0435ab27-f7ab-4e82-986a-85d5048bbda6,COLL,50000,,1000,,
a336e185-6fea-4b1e-c7f6-24628fd12cb2,0435ab27-f7ab-4e82-986a-85d5048bbda6,COMP,25000,,250,,
1eff077f-e1c9-40a4-a7cd-97b06a44bb81,0435ab27-f7ab-4e82-986a-85d5048bbda6,RENT,1200,,,40,30
4ebb4aaf-d9b8-4869-9bb0-89c77e6d7dc8,7edc0b09-dce1-4051-7d63-4b8f5afed2e9,COLL,30000,,1000,,
9b3f1c2c-17b4-4a93-0b73-52920447942a,7edc0b09-dce1-4051-7d63-4b8f5afed2e9,COMP,30000,,500,,
fde59f55-41d8-438f-5a09-0ad11e61a0b3,7edc0b09-dce1-4051-7d63-4b8f5afed2e9,RENT,1200,,,40,30
627ae84f-c26c-4ce8-3f82-a6646e2594aa,7edc0b09-dce1-4051-7d63-4b8f5afed2e9,TOW,150,,,,
95ae4096-e623-4097-ecd9-7598c98cd6ea,11d5dc59-1f1c-4040-8d4c-8baff2844314,COLL,25000,,500,,
ed0c27af-6db0-46f7-1740-e044c51c72ad,11d5dc59-1f1c-4040-8d4c-8baff2844314,COMP,30000,,250,,
72c5f343-d70f-4304-46c0-4e0c5d333a23,11d5dc59-1f1c-4040-8d4c-8baff2844314,RENT,1200,,,40,30
f10e00f4-f7bc-4838-4659-b6a9e701ab9d,11d5dc59-1f1c-4040-8d4c-8baff2844314,TOW,150,,,,
cb0b4f75-8145-4b18-cb17-cf9929f52a41,b5297eae-0cd6-4fb4-438c-22dc1c722f01,COLL,25000,,500,,
8535b584-de81-40a0-9172-e036e1a3c9ba,b5297eae-0cd6-4fb4-438c-22dc1c722f01,COMP,25000,,500,,
63e1f731-442f-4856-fdf2-91401987e9e5,b5297eae-0cd6-4fb4-438c-22dc1c722f01,RENT,1200,,,40,30
ad490ec3-a9f9-4088-090e-f74367319c71,b5297eae-0cd6-4fb4-438c-22dc1c722f01,TOW,150,,,,
e9c2f625-48a4-4279-bf32-8cc1ead0d325,c150944e-f3ee-4727-a8f0-8db571aaf768,COLL,50000,,1000,,
6d066c02-c276-4fb9-aeb6-b648c726c136,c150944e-f3ee-4727-a8f0-8db571aaf768,COMP,25000,,250,,
4ad0b765-7107-4684-abc4-33c33fe0aed0,c150944e-f3ee-4727-a8f0-8db571aaf768,RENT,1200,,,40,30
bf1469fa-1a1e-44ab-4702-2f026e2611d9,f56c1b50-e177-46d4-21ee-0439aac9ff5b,COLL,30000,,500,,
02fe0f3e-876b-4b9d-fa8b-14627457ffd8,f56c1b50-e177-46d4-21ee-0439aac9ff5b,COMP,25000,,500,,
509ab9d4-ef45-4611-f72c-d5f45305770e,f56c1b50-e177-46d4-21ee-0439aac9ff5b,RENT,1200,,,40,30
31454c44-778b-49b8-53fb-1e3cbcec5e30,01f81624-ab59-4339-6596-439f2b95851b,COLL,50000,,500,,
9cab3622-5d68-4941-27e1-a07357abe23d,01f81624-ab59-4339-6596-439f2b95851b,COMP,25000,,500,,
8814c161-f39b-4f3b-879e-4cfaa9c3178a,01f81624-ab59-4339-6596-439f2b95851b,RENT,1200,,,40,30
af3dedb5-2444-49d0-f56e-8a52e75af889,018ed8f5-5dfe-4fb4-d6e0-8dad8ec951d9,COLL,30000,,1000,,
94b939ca-fc29-41a7-818f-e429e75052fd,018ed8f5-5dfe-4fb4-d6e0-8dad8ec951d9,COMP,25000,,250,,
325de235-8f73-4761-5c5f-2f3188718ca6,018ed8f5-5dfe-4fb4-d6e0-8dad8ec951d9,RENT,1200,,,40,30
e38eadbd-68a1-45f2-1cce-80a1121d2305,c5f0098c-3a6c-4bd4-de7a-7de48a7b305d,COLL,25000,,1000,,
9eca37e2-e1ce-4d28-d615-f2fd3a6125af,c5f0098c-3a6c-4bd4-de7a-7de48a7b305d,COMP,25000,,500,,
7e17f774-5a95-4197-7c7b-274d7e140be4,c5f0098c-3a6c-4bd4-de7a-7de48a7b305d,RENT,1200,,,40,30
abb4d0a2-baa1-42be-6a90-0c3ac2931875,a5499b17-d841-4fc8-89b8-13f7e6703946,COLL,30000,,500,,
7f640d9a-7940-4227-29eb-af6fe7fb9a99,a5499b17-d841-4fc8-89b8-13f7e6703946,COMP,25000,,500,,
4a748761-f47a-4b16-0478-8b9dfe7874e4,a5499b17-d841-4fc8-89b8-13f7e6703946,RENT,1200,,,40,30
b0830dcf-60db-41a0-582b-070058327d5b,cdd34508-3dcf-4874-8c3a-63f0f72f0e08,COLL,50000,,1000,,
6dc5154a-ee62-4c0f-accc-3f5d111cb67d,cdd34508-3dcf-4874-8c3a-63f0f72f0e08,COMP,30000,,500,,
c7d90f34-6376-4f94-f2b8-cc93284eb384,cdd34508-3dcf-4874-8c3a-63f0f72f0e08,RENT,1200,,,40,30
4a98ca80-0634-49de-c7f5-1cc31ed78340,cdd34508-3dcf-4874-8c3a-63f0f72f0e08,TOW,150,,,,
b41bfc19-f01a-4bd6-492a-3e330da945ef,96901225-38fb-4ac1-499a-9416fbfde533,COLL,25000,,1000,,
b6464530-5a22-4a13-0464-0f501d3c2631,96901225-38fb-4ac1-499a-9416fbfde533,COMP,25000,,250,,
3fd1715c-493e-4d4e-7f4a-63ca828a6979,96901225-38fb-4ac1-499a-9416fbfde533,RENT,1200,,,40,30
40daf846-5b03-4350-2474-54ad1639a4cb,48229e6a-426d-4282-68aa-d868bad702ca,COLL,50000,,500,,
221427e1-ef9f-445a-62e4-d5125cb84325,48229e6a-426d-4282-68aa-d868bad702ca,COMP,30000,,250,,
0ff23a18-2f33-4dc6-734e-6793c3695d72,48229e6a-426d-4282-68aa-d868bad702ca,RENT,1200,,,40,30
68d86f0c-6a7e-49f2-9b95-51ee43ee036b,48229e6a-426d-4282-68aa-d868bad702ca,TOW,150,,,,
1e080f41-c3a6-4c19-3ea8-d7a4627aafec,5f61bcb2-8482-490e-e1af-9962f89ed4e9,COLL,25000,,500,,
4b5a18ef-59e5-4dc3-30aa-1cdcf4657761,5f61bcb2-8482-490e-e1af-9962f89ed4e9,COMP,25000,,250,,
6b56f5b3-24a4-4808-b241-309220646e18,5f61bcb2-8482-490e-e1af-9962f89ed4e9,RENT,1200,,,40,30
d50a375d-92be-4860-d8d8-d540591202b4,292f01e1-f555-4264-bbc6-b85ea8d9977a,COLL,25000,,500,,
425f0738-fcc4-4e63-1bd2-ee303a251318,292f01e1-f555-4264-bbc6-b85ea8d9977a,COMP,30000,,500,,
2a7173bb-1460-4c2d-8313-415efeb039c7,292f01e1-f555-4264-bbc6-b85ea8d9977a,RENT,1200,,,40,30
587c2e27-28ef-4d02-386e-a37701449b27,292f01e1-f555-4264-bbc6-b85ea8d9977a,TOW,150,,,,
a6c46ad5-1e43-4865-6e71-d2ebe71de886,180d9718-7d59-4b09-5cd6-c1b223565d16,COLL,25000,,500,,
c8f506ce-e0c5-4dcc-f7d7-45106bf8e24b,180d9718-7d59-4b09-5cd6-c1b223565d16,COMP,25000,,250,,
515a2af2-23b2-4462-d45e-8eb8af0a1c70,180d9718-7d59-4b09-5cd6-c1b223565d16,RENT,1200,,,40,30
4f42554e-d235-4bc0-9311-c59bc29a3983,90036fe3-6add-47a2-8b2b-231357953aa3,COLL,50000,,1000,,
98bb6253-e7ea-4ba0-176f-201b0c6ca010,90036fe3-6add-47a2-8b2b-231357953aa3,COMP,25000,,250,,
37b22808-171c-47f7-2907-5fe60578d9c1,90036fe3-6add-47a2-8b2b-231357953aa3,RENT,1200,,,40,30
ac375c8a-9252-45f2-63f9-a0f6ad1c78c6,90036fe3-6add-47a2-8b2b-231357953aa3,TOW,150,,,,
0fabbef1-f01c-4fc6-b700-e6951d5dd4b1,f0aefd92-b3d3-48bb-e5d4-362b60d7d279,COLL,50000,,1000,,
81be11ba-0ea7-402c-0144-80af2df23895,f0aefd92-b3d3-48bb-e5d4-362b60d7d279,COMP,30000,,500,,
888817e0-4ddc-4ee4-93fd-fb3004c5fa45,f0aefd92-b3d3-48bb-e5d4-362b60d7d279,RENT,1200,,,40,30
5ed5a4a5-7053-470b-3610-19e92f25b9fa,707cd794-c6c9-4b3f-16b1-7896d1d8b4b6,COLL,25000,,1000,,
d16c0bc3-5e80-4634-851c-5392049408e3,707cd794-c6c9-4b3f-16b1-7896d1d8b4b6,COMP,30000,,250,,
415a1596-cc6d-4eb8-f591-69f938788b4a,707cd794-c6c9-4b3f-16b1-7896d1d8b4b6,RENT,1200,,,40,30
de996a20-0277-402d-c728-46a233c2bf9e,707cd794-c6c9-4b3f-16b1-7896d1d8b4b6,TOW,150,,,,
50e7c4ce-0144-457b-1a31-147d204fd35f,b65cbbea-51e3-4367-b215-9d4d5046c25e,COLL,30000,,500,,
533ca441-2ee5-42cd-7b86-9565347f646f,b65cbbea-51e3-4367-b215-9d4d5046c25e,COMP,30000,,500,,
d98fefc5-5c4b-49f1-5a21-80b74845fbb6,b65cbbea-51e3-4367-b215-9d4d5046c25e,RENT,1200,,,40,30
1d9a74af-6302-43b7-97bb-2920d16206ff,942507ea-8f2a-48ec-c3e6-ac11ce143ed7,COLL,25000,,500,,
dd36c78e-52b4-457d-12bc-ccb9e07eac7d,942507ea-8f2a-48ec-c3e6-ac11ce143ed7,COMP,30000,,500,,
a81f6d1c-4a13-42af-7d0a-0e32309cf210,942507ea-8f2a-48ec-c3e6-ac11ce143ed7,RENT,1200,,,40,30
6da83cd1-e130-46bb-2068-b3b8f57d2d5a,013961c5-9a61-43b7-4f5f-bb5d0fb56535,COLL,25000,,1000,,
c3d476a5-5aaf-4a6b-37fc-0786b3283af6,013961c5-9a61-43b7-4f5f-bb5d0fb56535,COMP,30000,,500,,
80446f2b-1b2d-48b8-7868-7109160da882,013961c5-9a61-43b7-4f5f-bb5d0fb56535,RENT,1200,,,40,30
89b1bd77-1f41-401c-b61c-904f8525022c,a14ce628-6114-4c7e-b07c-fa8f61d9c727,COLL,25000,,1000,,
d8847b5d-8756-4623-a159-05f8d7cf85ef,a14ce628-6114-4c7e-b07c-fa8f61d9c727,COMP,25000,,500,,
ea961cae-1d8b-45ab-7161-372e951af879,a14ce628-6114-4c7e-b07c-fa8f61d9c727,RENT,1200,,,40,30
844fed36-1b50-424f-a922-3cbae17bf8ab,a14ce628-6114-4c7e-b07c-fa8f61d9c727,TOW,150,,,,
6a9e2525-fb26-4069-c8f2-a3f83dd40345,08c2b452-d923-45fc-6809-9dfda38cbbe8,COLL,25000,,500,,
6f5e76d4-22c2-4083-68c2-f9738a72f7bf,08c2b452-d923-45fc-6809-9dfda38cbbe8,COMP,30000,,250,,
aa895876-1088-4f0f-b274-3c4cbacfb882,08c2b452-d923-45fc-6809-9dfda38cbbe8,RENT,1200,,,40,30
b609b69c-d506-4fe0-1989-22416c6b1525,08c2b452-d923-45fc-6809-9dfda38cbbe8,TOW,150,,,,
f85915ed-d749-4aa7-aa5d-527dd56c3e05,6b28e3c7-e4ff-4541-3daf-fc78a6a02e96,COLL,30000,,1000,,
caf32e90-c808-4910-2385-fab72b2e3967,6b28e3c7-e4ff-4541-3daf-fc78a6a02e96,COMP,30000,,500,,
66e21acc-1019-43a5-2565-646f415b220a,6b28e3c7-e4ff-4541-3daf-fc78a6a02e96,RENT,1200,,,40,30
7373a32f-feb5-479c-5bc7-f854d19a6bf7,6b28e3c7-e4ff-4541-3daf-fc78a6a02e96,TOW,150,,,,
36c89fc1-5b63-4115-2341-f403888e2f4b,e5f87051-3362-4749-e191-f73a4292ca59,COLL,30000,,1000,,
d1a8506b-daf8-462e-f1bd-504aad1391fc,e5f87051-3362-4749-e191-f73a4292ca59,COMP,25000,,500,,
8e43153e-29ab-47a1-acb1-2481384914cc,e5f87051-3362-4749-e191-f73a4292ca59,RENT,1200,,,40,30
bdff7028-d9e8-42be-e96d-e8fcfd33eed1,7174840f-e0a5-4641-3e97-e122158b5c5e,COLL,30000,,500,,
a8844a9a-0159-4c35-f234-c6b2d47c718a,7174840f-e0a5-4641-3e97-e122158b5c5e,COMP,30000,,500,,
524629ff-03c9-4837-39c6-bf66e76e2b96,7174840f-e0a5-4641-3e97-e122158b5c5e,RENT,1200,,,40,30
c1eafd68-b8c8-491a-6855-4310cae1d1b5,7174840f-e0a5-4641-3e97-e122158b5c5e,TOW,150,,,,
f5641fb7-f74b-4fce-c6fd-bbeb84de3368,8c4c0a9c-e9e0-464d-5533-05575a0b2c28,COLL,50000,,1000,,
fd15c728-dcc5-4681-7508-8c04983941ff,8c4c0a9c-e9e0-464d-5533-05575a0b2c28,COMP,25000,,500,,
a0a1f13a-e691-4be1-413b-fc071ac9ba6f,8c4c0a9c-e9e0-464d-5533-05575a0b2c28,RENT,1200,,,40,30
461470a3-c259-4678-7f4c-7a7caf927d0f,a1e44c62-b0cf-484a-e1b6-2272f424170f,COLL,30000,,1000,,
ef9a8c8a-de82-4547-e629-4530a1f3bfd2,a1e44c62-b0cf-484a-e1b6-2272f424170f,COMP,25000,,500,,
07ccbbd0-3869-442d-3995-cff6e2269f26,a1e44c62-b0cf-484a-e1b6-2272f424170f,RENT,1200,,,40,30
c1379468-9e54-4166-98eb-07d92fa39fc8,a1e44c62-b0cf-484a-e1b6-2272f424170f,TOW,150,,,,
7d14b3a4-a21e-4f29-3fe1-69ff2dacf40a,5c462069-a0de-417b-2b00-8e8b95da14ff,COLL,25000,,1000,,
582b818c-f37b-414c-440a-ab2537d6c1ec,5c462069-a0de-417b-2b00-8e8b95da14ff,COMP,30000,,500,,
cb56b555-d751-4005-c381-d5637431f253,5c462069-a0de-417b-2b00-8e8b95da14ff,RENT,1200,,,40,30
1226e607-16e8-45d4-190b-b27d5e435384,5c462069-a0de-417b-2b00-8e8b95da14ff,TOW,150,,,,
ef39b949-f336-4064-03e1-e92d6cb0eaa9,9483702a-c9ab-4e9e-ba03-7000708d3e3c,COLL,50000,,1000,,
42cd008e-7fcb-4678-6f36-7e57fc890807,9483702a-c9ab-4e9e-ba03-7000708d3e3c,COMP,30000,,250,,
ac75b94a-b462-4be3-48d6-4228db203268,9483702a-c9ab-4e9e-ba03-7000708d3e3c,RENT,1200,,,40,30
c34f8f7e-0fd4-4712-fb55-4d43c0076089,9483702a-c9ab-4e9e-ba03-7000708d3e3c,TOW,150,,,,
af42ace8-3b7c-48e7-2eeb-53f723c7f52b,dbc619c6-3abd-47ff-d5e3-3b2a21646ad1,COLL,25000,,500,,
b5107049-58a8-4536-4a83-f105be9dcdc6,dbc619c6-3abd-47ff-d5e3-3b2a21646ad1,COMP,25000,,500,,
2ed44afe-4938-43cc-f613-ec9308289401,dbc619c6-3abd-47ff-d5e3-3b2a21646ad1,RENT,1200,,,40,30
9551a429-c4cc-453e-fb5f-2e94121589b9,dbc619c6-3abd-47ff-d5e3-3b2a21646ad1,TOW,150,,,,
764d379c-0a13-40bd-3cb2-19d4bd59c6a7,5a558f38-0367-4401-e137-55198a618c60,COLL,50000,,500,,
be22c00e-1e53-4e86-9757-267fd90777f1,5a558f38-0367-4401-e137-55198a618c60,COMP,25000,,500,,
1e46a13e-c924-4302-6208-ef20fee27537,5a558f38-0367-4401-e137-55198a618c60,RENT,1200,,,40,30
29b52d7c-b203-46ed-6b8b-9c80b903fd9a,5a558f38-0367-4401-e137-55198a618c60,TOW,150,,,,
9027cc31-f46f-4ea8-b5e6-1648f560841d,24204048-f0ae-45c2-1660-ac087921bc6f,COLL,50000,,500,,
1da4c03d-57ff-446f-06bf-46783196f73e,24204048-f0ae-45c2-1660-ac087921bc6f,COMP,30000,,500,,
90038a02-4800-42c2-663a-9bbdfe3c3c2b,24204048-f0ae-45c2-1660-ac087921bc6f,RENT,1200,,,40,30
737804ea-c9c2-43ef-aa2a-c56191502352,b00030f3-694e-4d47-b33b-3bffa0a9435f,COLL,25000,,500,,
9793c732-5f34-422e-abcc-726d8ad52c80,b00030f3-694e-4d47-b33b-3bffa0a9435f,COMP,30000,,250,,
260826ec-9aa0-4222-ed4a-42fccdbfd53b,b00030f3-694e-4d47-b33b-3bffa0a9435f,RENT,1200,,,40,30
fcb96aec-e1f2-48c0-b532-2b09c7a6db36,b00030f3-694e-4d47-b33b-3bffa0a9435f,TOW,150,,,,
5aa2c17a-0cd7-48e4-33b7-f9bd7af97476,5c19f660-eddf-4919-ff71-8453e03e8ad8,COLL,25000,,500,,
2212b251-43e7-438a-f217-94be8db2ea98,5c19f660-eddf-4919-ff71-8453e03e8ad8,COMP,30000,,250,,
6324b178-114d-48fb-8597-47888a78b822,5c19f660-eddf-4919-ff71-8453e03e8ad8,RENT,1200,,,40,30
5a97edfe-ff28-4b5b-6fee-b827c24d1441,67a76ae5-6ee0-4302-dc1f-86fa186ebe73,COLL,50000,,500,,
4c77f833-b5a9-40ba-4f2a-c73ad19ab143,67a76ae5-6ee0-4302-dc1f-86fa186ebe73,COMP,30000,,250,,
7e46654e-ef21-4d8f-ed33-f3cc7707cca7,67a76ae5-6ee0-4302-dc1f-86fa186ebe73,RENT,1200,,,40,30
51d56163-61b8-4d25-3545-7f65b639e9a1,67a76ae5-6ee0-4302-dc1f-86fa186ebe73,TOW,150,,,,
d35e3a85-b50f-4422-92af-f115cd6824c5,b865c157-a75a-4a73-1091-547aa940eea4,COLL,50000,,500,,
c61313f9-5b42-49a9-3933-d577326b4349,b865c157-a75a-4a73-1091-547aa940eea4,COMP,30000,,500,,
1f69e35c-b49e-4f29-6f15-ae22d6e4f66d,b865c157-a75a-4a73-1091-547aa940eea4,RENT,1200,,,40,30
5e023d30-4008-4e81-92f9-d4e1a39c4c12,b865c157-a75a-4a73-1091-547aa940eea4,TOW,150,,,,
199f484e-e2b7-41f2-ea17-ea6d26337738,998c7dec-ecef-4ca3-3e57-d201c0e41ad2,COLL,50000,,500,,
9619a996-5be0-49cc-3134-32248177de40,998c7dec-ecef-4ca3-3e57-d201c0e41ad2,COMP,30000,,250,,
3129762e-cbb8-4d29-7aed-3adb6c3d4374,998c7dec-ecef-4ca3-3e57-d201c0e41ad2,RENT,1200,,,40,30
785b7dbc-71a6-4718-db42-73b31df77742,998c7dec-ecef-4ca3-3e57-d201c0e41ad2,TOW,150,,,,
ea9508c1-0f8c-4842-3a86-4822d3c13dd1,55786be6-34d7-4b5a-ba68-06362721a8f2,COLL,50000,,1000,,
38be6ee3-bb52-404c-16ff-2bd53c606f65,55786be6-34d7-4b5a-ba68-06362721a8f2,COMP,30000,,500,,
b3401351-1a29-4665-011d-a0a3c8a4d76e,55786be6-34d7-4b5a-ba68-06362721a8f2,RENT,1200,,,40,30
584cfc52-1896-4d70-2b96-ffe47710867c,55786be6-34d7-4b5a-ba68-06362721a8f2,TOW,150,,,,
a94864b1-d5ad-4af8-c68c-471c2f8c0c06,f06a7b39-0334-4bae-ac8a-0311dd997ce2,COLL,25000,,1000,,
3d260ba0-c051-4b3c-3962-2f63e3dd63be,f06a7b39-0334-4bae-ac8a-0311dd997ce2,COMP,25000,,250,,
01a3dfc9-457f-429c-9b83-af2862343061,f06a7b39-0334-4bae-ac8a-0311dd997ce2,RENT,1200,,,40,30
0cd035dd-aa65-47a2-c78e-c0d7aa85bf5c,f06a7b39-0334-4bae-ac8a-0311dd997ce2,TOW,150,,,,
2819b9b3-d611-480c-e055-04256d5e510b,becf7244-872e-478b-2db8-c3de0da7ba86,COLL,25000,,500,,
5ac6aa1d-87e3-46f8-4fb9-e968b0c87d3f,becf7244-872e-478b-2db8-c3de0da7ba86,COMP,30000,,250,,
7c60810b-5092-4158-45ba-dfb29e6ebd64,becf7244-872e-478b-2db8-c3de0da7ba86,RENT,1200,,,40,30
1421dd2a-aba8-4375-ddc2-0f0f988708be,116ef7e0-7305-4273-daba-9fc83bbb37df,COLL,50000,,1000,,
d719d3d6-b811-47a1-7082-fdbed1dc8524,116ef7e0-7305-4273-daba-9fc83bbb37df,COMP,30000,,500,,
be83da6b-919f-4970-25da-6d4b1a67c214,116ef7e0-7305-4273-daba-9fc83bbb37df,RENT,1200,,,40,30
a8f1adec-1490-4522-8ab6-0654e82c8808,ff708536-549e-4ef9-389c-853d5d07082c,COLL,25000,,500,,
2e56213e-8490-44ea-7db5-62c2dd9a9076,ff708536-549e-4ef9-389c-853d5d07082c,COMP,30000,,500,,
55c6a6e0-24ae-4ec4-ad01-0ea68385c6d5,ff708536-549e-4ef9-389c-853d5d07082c,RENT,1200,,,40,30
aef4b90c-abef-4e00-e00f-f606c4621560,90f3c553-3360-4d03-dcd5-e9e099bcd1eb,COLL,30000,,500,,
2be8727d-4e94-4679-5d39-dc50d2e9d255,90f3c553-3360-4d03-dcd5-e9e099bcd1eb,COMP,25000,,250,,
21bbc082-f4f6-4031-921a-a23226a4634e,90f3c553-3360-4d03-dcd5-e9e099bcd1eb,RENT,1200,,,40,30
1374b5d1-14ac-4749-a789-3e38b2c0e301,90f3c553-3360-4d03-dcd5-e9e099bcd1eb,TOW,150,,,,
e00ce984-de12-4f4e-772f-e53c538ae58a,b47f10f4-7c09-45fd-d4e5-f779ad8d3f76,COLL,25000,,500,,
16e89873-6197-4cc3-2cf1-44027ec11c8e,b47f10f4-7c09-45fd-d4e5-f779ad8d3f76,COMP,25000,,250,,
3e9663d2-a40d-4dc1-5048-767310b32d28,b47f10f4-7c09-45fd-d4e5-f779ad8d3f76,RENT,1200,,,40,30
d655624f-b28f-4fe5-2845-dfaf5ab817d4,c5ace505-5079-408e-587b-e18d451a782b,COLL,30000,,1000,,
bd18a261-91f7-4653-2768-0e88bb009088,c5ace505-5079-408e-587b-e18d451a782b,COMP,30000,,250,,
a256b883-d298-43cb-1771-d8e86fcd4f5c,c5ace505-5079-408e-587b-e18d451a782b,RENT,1200,,,40,30
f7ae1ad7-d025-4a2f-7bca-dc4422f425db,5f418fed-4743-42af-c280-b9310ef4ce45,COLL,25000,,500,,
dd644020-59bd-4ac6-28b7-b3076930487c,5f418fed-4743-42af-c280-b9310ef4ce45,COMP,25000,,500,,
da014f88-f3d7-4636-d9ba-d24aa324d478,5f418fed-4743-42af-c280-b9310ef4ce45,RENT,1200,,,40,30
9ec8b7bf-d58a-4987-b549-303048d598c9,5f418fed-4743-42af-c280-b9310ef4ce45,TOW,150,,,,
ba5253bf-c948-41d7-101d-1ee20dfbefd4,6cacae55-a2c8-473f-4143-cf6662ae10f2,COLL,25000,,1000,,
8de97f07-e558-46d8-7505-70c91aceb7fb,6cacae55-a2c8-473f-4143-cf6662ae10f2,COMP,30000,,250,,
5a503af1-4024-4c8b-70ef-86b365c1667c,6cacae55-a2c8-473f-4143-cf6662ae10f2,RENT,1200,,,40,30
09cb94eb-1f3f-4c7d-2818-289ab02537e2,6cacae55-a2c8-473f-4143-cf6662ae10f2,TOW,150,,,,
53cda7fd-5f0a-4749-cfb9-c5cded9793c0,ac114033-d1bb-482c-095a-c887b3416fd1,COLL,30000,,500,,
c2a73f1b-eafc-47d0-30c4-b06f21d1eb63,ac114033-d1bb-482c-095a-c887b3416fd1,COMP,25000,,500,,
c6a1e4c7-fc10-482b-b25a-b69a3f87586a,ac114033-d1bb-482c-095a-c887b3416fd1,RENT,1200,,,40,30
73ab4e5a-172a-4da2-4b9a-0627985c3b42,ccf861a8-b78f-47f2-788f-cd89b2be7f3b,COLL,50000,,500,,
fd9940fc-5d6e-4ab1-1726-f1eff1e6d3fe,ccf861a8-b78f-47f2-788f-cd89b2be7f3b,COMP,30000,,500,,
abe2a523-9b5f-4789-c803-412a88ed5e54,ccf861a8-b78f-47f2-788f-cd89b2be7f3b,RENT,1200,,,40,30
12bc2773-c1fe-4ca9-469e-ca260ee18e21,ccf861a8-b78f-47f2-788f-cd89b2be7f3b,TOW,150,,,,
e4d52634-6c80-43d0-4bbf-5be0ed77e098,05b64460-cfb2-4e8c-0dc7-3d313c7dc144,COLL,25000,,1000,,
ab2dbe6e-0358-4ed1-d476-d4ab93cae2db,05b64460-cfb2-4e8c-0dc7-3d313c7dc144,COMP,30000,,500,,
021d6971-cb26-4f02-2f1a-3b8fabe211d5,05b64460-cfb2-4e8c-0dc7-3d313c7dc144,RENT,1200,,,40,30
c82e8033-dd9d-4b2e-6f57-a50263756c29,05b64460-cfb2-4e8c-0dc7-3d313c7dc144,TOW,150,,,,
fdb62b3e-3f8b-4a8f-254d-ca34a7f9c371,c15461ca-1818-45b5-0a41-ce7d69f915f3,COLL,25000,,1000,,
f91ecc21-c4ed-4fba-0ef7-51c3eb99814f,c15461ca-1818-45b5-0a41-ce7d69f915f3,COMP,30000,,250,,
38e37e52-1c76-4fa9-78cf-a545d8b70139,c15461ca-1818-45b5-0a41-ce7d69f915f3,RENT,1200,,,40,30
aeae95a2-061e-47ec-d743-ee48583d2a47,c15461ca-1818-45b5-0a41-ce7d69f915f3,TOW,150,,,,
19d55649-eb91-43a8-0f94-3ec0e8cd524c,8020f232-19b0-41ff-66cd-248b62ae77cc,COLL,50000,,1000,,
29858004-fb51-4e76-55e7-14d4bb93b5c3,8020f232-19b0-41ff-66cd-248b62ae77cc,COMP,30000,,250,,
cb1fd752-d0fc-4059-8151-2a4cfaee2195,8020f232-19b0-41ff-66cd-248b62ae77cc,RENT,1200,,,40,30
4a554d24-3551-470d-6117-ef7ecaec7021,8020f232-19b0-41ff-66cd-248b62ae77cc,TOW,150,,,,
ca032ddc-ccf7-4f9e-26c9-dfa3661d89c2,9e98b4e0-9b3a-4fa1-95cc-33ac4826a9be,COLL,25000,,500,,
956f0e35-0a74-4864-60e0-c17dcfe04f87,9e98b4e0-9b3a-4fa1-95cc-33ac4826a9be,COMP,30000,,500,,
786ae9c4-847e-4f3d-68b0-e4126fad7c91,9e98b4e0-9b3a-4fa1-95cc-33ac4826a9be,RENT,1200,,,40,30
7b272654-d517-41d2-d60c-287bf4ad1493,73363ed3-7e00-45ff-4c6e-3fbfbfa69bd9,COLL,50000,,500,,
a3ab9632-e1a9-4ec3-eecd-69c9937bb3c2,73363ed3-7e00-45ff-4c6e-3fbfbfa69bd9,COMP,25000,,500,,
8729e848-02fc-4d01-d685-743b739f6ecc,73363ed3-7e00-45ff-4c6e-3fbfbfa69bd9,RENT,1200,,,40,30
7228a92d-5355-4b61-8378-5b5b1774fbad,491e942c-150f-4180-9b96-877c8b1dda44,COLL,30000,,1000,,
3c4f1c24-7714-49cf-f1c4-e6b65a14088c,491e942c-150f-4180-9b96-877c8b1dda44,COMP,30000,,250,,
f18c0e8f-64ac-43bf-79ec-e8ef8328903a,491e942c-150f-4180-9b96-877c8b1dda44,RENT,1200,,,40,30
c8d520bf-23e5-48f2-f424-f796140aa3e2,f89ba342-19d4-4dfb-12c0-a11be2090574,COLL,50000,,500,,
ce94e80e-bd79-46c9-222a-484d33a38e9a,f89ba342-19d4-4dfb-12c0-a11be2090574,COMP,25000,,500,,
27632485-df39-4673-b572-2afaafc966d5,f89ba342-19d4-4dfb-12c0-a11be2090574,RENT,1200,,,40,30
6096a055-00d9-459e-3d0f-d85c494f80fa,1798baa5-cc56-44d1-4bf6-e08b5ce9094d,COLL,25000,,500,,
9f9e2628-d050-4e31-4cfe-50ec2e263b34,1798baa5-cc56-44d1-4bf6-e08b5ce9094d,COMP,25000,,250,,
58cd51f1-bc5b-4f52-f613-471edf496800,1798baa5-cc56-44d1-4bf6-e08b5ce9094d,RENT,1200,,,40,30
41cdf2fb-5ea8-44d8-1388-3d7a58b99b28,d65f4c20-810e-4434-1a6e-db330b607e16,COLL,30000,,500,,
49db250f-b326-4220-f4ac-3e0bee5439f3,d65f4c20-810e-4434-1a6e-db330b607e16,COMP,30000,,500,,
14880fc8-7212-4aa4-3631-ef6fd69b3aa3,d65f4c20-810e-4434-1a6e-db330b607e16,RENT,1200,,,40,30
2aac5fb9-6f69-45fe-45a8-a1cba8c4f070,cc1126f6-0799-4c81-c4e0-ee14d6d01bac,COLL,50000,,1000,,
73ea4207-7789-42f7-c4e8-14e45f4be2d0,cc1126f6-0799-4c81-c4e0-ee14d6d01bac,COMP,30000,,500,,
ae298f55-0dae-4bf7-48f8-da8a3ac25ad0,cc1126f6-0799-4c81-c4e0-ee14d6d01bac,RENT,1200,,,40,30
3a41345a-47cd-461c-806b-bed584b959bd,cc1126f6-0799-4c81-c4e0-ee14d6d01bac,TOW,150,,,,
05ab89bd-b29c-49bf-dfa5-c17763ad2c79,6038ce8d-4fdc-49c4-d21c-51acb50501c4,COLL,50000,,500,,
1a6c5544-d7b4-4969-b827-f5629f9ad82a,6038ce8d-4fdc-49c4-d21c-51acb50501c4,COMP,25000,,250,,
6a59fdb8-a91f-4d05-aa9f-5abbb91c1645,6038ce8d-4fdc-49c4-d21c-51acb50501c4,RENT,1200,,,40,30
72aa3418-256e-4d61-fef0-7fee39c8ab91,5d724335-347a-4025-06c1-ecddca45d21c,COLL,50000,,1000,,
68de6e0f-5b6d-4a34-f831-12ec497c1c47,5d724335-347a-4025-06c1-ecddca45d21c,COMP,25000,,250,,
aac94d1b-44d6-430b-f66e-536c383c8b3b,5d724335-347a-4025-06c1-ecddca45d21c,RENT,1200,,,40,30
85af9372-9b37-41c6-55b6-97d964308fd8,1f9e0de5-8c60-4aae-e613-6e6d7d8e325a,COLL,50000,,1000,,
ae779871-25e1-4825-9c5d-a708324d6b19,1f9e0de5-8c60-4aae-e613-6e6d7d8e325a,COMP,25000,,500,,
f04dbc83-aac6-4994-336a-b26f0fc5939d,1f9e0de5-8c60-4aae-e613-6e6d7d8e325a,RENT,1200,,,40,30
28653ab6-a13f-4b4b-7428-c9074be9711d,1f9e0de5-8c60-4aae-e613-6e6d7d8e325a,TOW,150,,,,
117e505f-52cc-4430-ed51-546ca22b3577,e44ac96d-4669-43f0-3133-bba21d73b544,COLL,30000,,500,,
acb01f88-5249-4667-2201-45b99926360b,e44ac96d-4669-43f0-3133-bba21d73b544,COMP,25000,,500,,
94000bde-d797-4b8d-5909-e5d72f5f6c75,e44ac96d-4669-43f0-3133-bba21d73b544,RENT,1200,,,40,30
26cc00e0-dbab-483e-400b-ac83def4c1ec,e44ac96d-4669-43f0-3133-bba21d73b544,TOW,150,,,,
7abb5150-ef20-4911-f150-3b2f22f0238c,9e996008-9411-46a1-5fe7-fd5023d7d761,COLL,25000,,1000,,
263c79d3-0b34-4447-885b-d4361dc98c60,9e996008-9411-46a1-5fe7-fd5023d7d761,COMP,30000,,250,,
937f436d-e78b-402c-3e9a-2f651ffe07d6,9e996008-9411-46a1-5fe7-fd5023d7d761,RENT,1200,,,40,30
83394335-36bf-472c-ec33-704b9c85e98b,74e68ada-c938-4105-cea4-fea2866e1500,COLL,25000,,500,,
9b0ffc16-f7e2-4fd6-a040-61597a4ff56f,74e68ada-c938-4105-cea4-fea2866e1500,COMP,25000,,500,,
56bbf191-d837-4f4d-57f3-d08cee91ce44,74e68ada-c938-4105-cea4-fea2866e1500,RENT,1200,,,40,30
7eeeb6d4-7b6a-4777-3f0a-027489a1206a,74e68ada-c938-4105-cea4-fea2866e1500,TOW,150,,,,
51e0bc7b-ade4-4d8a-f615-b7a0d7e1fe5e,4fc6f91f-49c4-47b0-091e-075add1594ee,COLL,25000,,1000,,
30c6a4c7-9cea-4029-fd47-863c3d7fca5e,4fc6f91f-49c4-47b0-091e-075add1594ee,COMP,30000,,250,,
0502d6f5-b0e2-4580-17f8-05808bface0a,4fc6f91f-49c4-47b0-091e-075add1594ee,RENT,1200,,,40,30
8011262c-bd49-49c7-f331-2131b710b4d3,4fc6f91f-49c4-47b0-091e-075add1594ee,TOW,150,,,,
3be4920f-838c-47aa-fb3a-3bb0b31d1513,e7f38951-b6fd-4424-0430-543f26addea8,COLL,25000,,1000,,
ec5c5749-1bbd-42b3-d321-82be008fba1e,e7f38951-b6fd-4424-0430-543f26addea8,COMP,25000,,250,,
a61c6aa3-9290-4da2-2ab6-6174a4dca092,e7f38951-b6fd-4424-0430-543f26addea8,RENT,1200,,,40,30
689a7a0a-c263-4032-66d0-54ff073c3dce,f797a8a8-765a-4518-a9ed-ee797821c4c2,COLL,50000,,1000,,
74f2a2a3-7997-4786-5f0e-fa58a77a949a,f797a8a8-765a-4518-a9ed-ee797821c4c2,COMP,30000,,250,,
679d7b5b-d76f-45d2-b91f-7a6ce02c1140,f797a8a8-765a-4518-a9ed-ee797821c4c2,RENT,1200,,,40,30
f79401d5-ba2d-4006-3d9f-0915425b2f2b,31666af4-101f-4eaf-02fe-4919a34897e7,COLL,25000,,500,,
b5f0a591-a12a-4573-9a3b-f1776d41181a,31666af4-101f-4eaf-02fe-4919a34897e7,COMP,25000,,500,,
eada4402-bf4c-40f4-08a8-b59c1c4ad909,31666af4-101f-4eaf-02fe-4919a34897e7,RENT,1200,,,40,30
d6466ac8-5a47-492a-3d2d-8b440719f8d7,77564029-9ca7-4eae-686f-1483270f86c2,COLL,50000,,500,,
6b10e333-559d-43b1-e910-67fd8b748927,77564029-9ca7-4eae-686f-1483270f86c2,COMP,30000,,250,,
bb9afbdb-511d-4cee-b9cb-d23584eb4d68,77564029-9ca7-4eae-686f-1483270f86c2,RENT,1200,,,40,30
33fa5382-25c2-4709-9182-040c60f1fc25,77564029-9ca7-4eae-686f-1483270f86c2,TOW,150,,,,
bd95dfbd-58cb-465b-dae6-d394b66ab4ee,7971781d-675b-4aec-c7cb-bb286f6d0991,COLL,30000,,500,,
a3440dd3-2ef6-4720-8bcd-24a57e9c19b1,7971781d-675b-4aec-c7cb-bb286f6d0991,COMP,25000,,250,,
0d953aff-9196-4199-7779-dc3929cbffed,7971781d-675b-4aec-c7cb-bb286f6d0991,RENT,1200,,,40,30
907d5254-e41a-4b06-2eed-e31c2abdb915,7971781d-675b-4aec-c7cb-bb286f6d0991,TOW,150,,,,
69d49d00-899a-4988-23c7-146872bcb477,829a6958-a888-43c1-309b-fb3983d185f2,COLL,50000,,1000,,
b30a9fd4-3463-485c-4102-24f97fa5dd4c,829a6958-a888-43c1-309b-fb3983d185f2,COMP,30000,,500,,
06230aae-b7e8-48b6-81c3-472e3c992a2a,829a6958-a888-43c1-309b-fb3983d185f2,RENT,1200,,,40,30
788e31c0-cab1-4c13-7cfd-fdcbf561279f,829a6958-a888-43c1-309b-fb3983d185f2,TOW,150,,,,
054a76cb-5c83-4f18-facf-d629400e2859,7b326c85-ceb6-4f6e-4059-4faa5cb8b5c0,COLL,25000,,1000,,
5b4f8004-b15d-4670-b0ea-7db80c357f79,7b326c85-ceb6-4f6e-4059-4faa5cb8b5c0,COMP,25000,,500,,
405b6b97-95fd-486b-eb09-1b828619e72b,7b326c85-ceb6-4f6e-4059-4faa5cb8b5c0,RENT,1200,,,40,30
4e77d60e-c270-4a26-072e-18e9f9b65a6c,7b326c85-ceb6-4f6e-4059-4faa5cb8b5c0,TOW,150,,,,
a8edd4cf-da89-4ca4-2e41-95097b66102b,4b48aade-d653-4bcf-09a0-3f14288c94b3,COLL,50000,,1000,,
ba0322f7-ca13-4085-6467-e222a15d0eea,4b48aade-d653-4bcf-09a0-3f14288c94b3,COMP,25000,,500,,
068761be-835c-40b0-7942-802572cb451a,4b48aade-d653-4bcf-09a0-3f14288c94b3,RENT,1200,,,40,30
cdeffb8b-22c8-4a8a-c1ae-daf9fe997a3f,a0d74a71-80e9-4a7b-3a8b-ed7d871f57b6,COLL,50000,,500,,
25175f57-5c75-4d8c-d168-0d241c0399aa,a0d74a71-80e9-4a7b-3a8b-ed7d871f57b6,COMP,25000,,500,,
3a304dec-addc-45e6-9b40-723ca3757b80,a0d74a71-80e9-4a7b-3a8b-ed7d871f57b6,RENT,1200,,,40,30
6c3cdc99-224f-4cb9-3056-9fc9ed7ed14d,a0d74a71-80e9-4a7b-3a8b-ed7d871f57b6,TOW,150,,,,
8caae205-8ed1-4acb-88f7-0217d2402b47,b2265d99-4c75-4e0b-c130-84570c5b95d9,COLL,50000,,1000,,
8b06a7cc-cef9-4e37-86ab-c1c647227d27,b2265d99-4c75-4e0b-c130-84570c5b95d9,COMP,30000,,250,,
ed95d5d6-8ebf-4e16-5355-47c735c27c6e,b2265d99-4c75-4e0b-c130-84570c5b95d9,RENT,1200,,,40,30
2b3f8d9e-7697-4258-52ac-41085995c924,b2265d99-4c75-4e0b-c130-84570c5b95d9,TOW,150,,,,
420e3141-94ff-49bc-8696-5c2db9fbe385,919e1cc9-af36-4d58-e498-dcaa38665cdd,COLL,30000,,500,,
44dd61ee-54ff-4dd7-45a4-259017da6a14,919e1cc9-af36-4d58-e498-dcaa38665cdd,COMP,30000,,500,,
d51b63db-186d-4784-2ec0-a64667e8f860,919e1cc9-af36-4d58-e498-dcaa38665cdd,RENT,1200,,,40,30
9583e406-438b-42a7-ac83-806998ebfebf,919e1cc9-af36-4d58-e498-dcaa38665cdd,TOW,150,,,,
c023f897-c1bb-4452-1532-71ebc0b1a412,a6b63d6f-4231-4ac5-d129-ef22e5c64396,COLL,30000,,500,,
3c6abd19-3953-4f47-6751-e604cc953139,a6b63d6f-4231-4ac5-d129-ef22e5c64396,COMP,25000,,500,,
0b4eeb99-a6a6-45c4-ab1f-39ef3a31b7f7,a6b63d6f-4231-4ac5-d129-ef22e5c64396,RENT,1200,,,40,30
c0eb8288-af1c-4cd2-b1f1-85744be93357,a6b63d6f-4231-4ac5-d129-ef22e5c64396,TOW,150,,,,
84c09888-fdaf-4436-62ca-e465c5e4985b,663224b5-23b7-4851-e786-96ab1c092972,COLL,50000,,1000,,
c591f0da-cc6a-4c95-4e72-ce0dfd9c8636,663224b5-23b7-4851-e786-96ab1c092972,COMP,30000,,500,,
5cb7e068-d262-4788-7d90-019cd3694608,663224b5-23b7-4851-e786-96ab1c092972,RENT,1200,,,40,30
1c23c841-1634-45b0-5b9f-8d214f2adb41,b8979cd3-6713-4700-a5aa-8a743598eeb6,COLL,30000,,500,,
d8e8f618-ed2f-4b64-4874-1c761302c932,b8979cd3-6713-4700-a5aa-8a743598eeb6,COMP,30000,,250,,
35546644-2ab8-4e72-bd59-7d4993fed3c4,b8979cd3-6713-4700-a5aa-8a743598eeb6,RENT,1200,,,40,30
442296e4-620f-41e2-fb0d-0b93bac66504,271065f2-8732-4e70-a11e-5a38d1d3e949,COLL,30000,,500,,
6117eb3f-6420-4bb8-b842-58bbecdb6724,271065f2-8732-4e70-a11e-5a38d1d3e949,COMP,25000,,250,,
736477bb-787b-4887-bcf0-14f7dfad6cda,271065f2-8732-4e70-a11e-5a38d1d3e949,RENT,1200,,,40,30
44be1bbb-2bfa-4b67-c085-4dd6078b8e1b,818733e6-6178-46a2-984b-10cd8abc9110,COLL,30000,,500,,
13f5ef3c-d13f-4e2d-20f9-e751ed908949,818733e6-6178-46a2-984b-10cd8abc9110,COMP,30000,,250,,
9bd44d34-a8d7-4f44-cf3c-fac5fb2eb20e,818733e6-6178-46a2-984b-10cd8abc9110,RENT,1200,,,40,30
c87565a0-a8f0-4a05-ef08-8f664b86eb01,31abb203-db0c-410a-e330-e3cf197ed0bd,COLL,30000,,500,,
618388ec-1697-440c-06b4-d2520b2fd98a,31abb203-db0c-410a-e330-e3cf197ed0bd,COMP,30000,,250,,
76429d81-068b-4b9f-57de-7e6e3103d257,31abb203-db0c-410a-e330-e3cf197ed0bd,RENT,1200,,,40,30
0a496f93-ebab-43dc-40e7-d6cccef7c659,31abb203-db0c-410a-e330-e3cf197ed0bd,TOW,150,,,,
1f133c8b-854a-4d35-9ce7-0d3acbe5a9c7,113a03cb-0770-4ce5-2714-fb1020443293,COLL,25000,,500,,
ab19adce-acf4-40a1-3a7f-b4efbf197770,113a03cb-0770-4ce5-2714-fb1020443293,COMP,30000,,250,,
3a655458-524c-4eed-82a0-b646d7daf6b9,113a03cb-0770-4ce5-2714-fb1020443293,RENT,1200,,,40,30
ec443662-b157-4174-ec52-c75ddf00a070,113a03cb-0770-4ce5-2714-fb1020443293,TOW,150,,,,
898ce0b4-843f-4ead-2f97-6a13b1ad5bb9,d78a6012-8f98-411a-3b10-59df15cc54f4,COLL,25000,,500,,
36f22d08-4000-43e6-7267-5decc2d60df2,d78a6012-8f98-411a-3b10-59df15cc54f4,COMP,30000,,250,,
aff4ebbb-9ac5-4bfc-14a7-b542e07c0342,d78a6012-8f98-411a-3b10-59df15cc54f4,RENT,1200,,,40,30
98c64df9-c98a-4d38-ba40-aadaea5a5999,f8a0087b-cdd2-489e-9abc-4e13abdd938f,COLL,25000,,500,,
abcb8427-1855-4d0a-3374-c8d41e8ad7df,f8a0087b-cdd2-489e-9abc-4e13abdd938f,COMP,25000,,250,,
5c36784a-43a3-4dcf-c2f9-04da95fb31c6,f8a0087b-cdd2-489e-9abc-4e13abdd938f,RENT,1200,,,40,30
d7ad71f6-3383-4daf-0756-22ecfbb863e4,f8a0087b-cdd2-489e-9abc-4e13abdd938f,TOW,150,,,,
f1945dd4-71b8-477f-7382-083a01f9d477,60efa8de-eea3-4162-a6a1-e2d52fb998c0,COLL,50000,,500,,
86f74634-a8bb-49d8-75d5-95f38f9294d8,60efa8de-eea3-4162-a6a1-e2d52fb998c0,COMP,25000,,500,,
fa627cb4-2f6b-4bae-ff74-b40fa628b8a1,60efa8de-eea3-4162-a6a1-e2d52fb998c0,RENT,1200,,,40,30
0f1e7214-fdaa-4df6-dcbf-bd7d4482753d,70f5604b-f87c-4e5f-d6f7-0bf3f300c441,COLL,30000,,500,,
a012113c-0dc6-4dd9-24fb-059c8de42176,70f5604b-f87c-4e5f-d6f7-0bf3f300c441,COMP,30000,,500,,
cedad0c1-b02a-42ac-733b-9d5ebb651a0e,70f5604b-f87c-4e5f-d6f7-0bf3f300c441,RENT,1200,,,40,30
58a04afb-3ebd-443e-3c8d-ac3f910f3a3d,70f5604b-f87c-4e5f-d6f7-0bf3f300c441,TOW,150,,,,
3abec827-9774-4afb-cf20-80ece052ea06,09f2638e-b8ac-4f41-5c00-a8e6c8e12bc0,COLL,50000,,1000,,
844ea403-7868-4eb1-11be-9a4d8e392637,09f2638e-b8ac-4f41-5c00-a8e6c8e12bc0,COMP,25000,,250,,
449a5976-05c3-4bfd-391e-dcc7682f8c93,09f2638e-b8ac-4f41-5c00-a8e6c8e12bc0,RENT,1200,,,40,30
006d9ec2-4996-4645-5450-fbbf029def2f,09f2638e-b8ac-4f41-5c00-a8e6c8e12bc0,TOW,150,,,,
07768178-fd72-4059-6e16-0bf165dd2956,9fdcde87-db06-46e5-d039-0cff43fe2fb2,COLL,30000,,1000,,
ff1b6b68-1832-42b5-637d-3a1514fe0acb,9fdcde87-db06-46e5-d039-0cff43fe2fb2,COMP,30000,,500,,
d73390e3-8886-4be5-3cfc-a32428c4e402,9fdcde87-db06-46e5-d039-0cff43fe2fb2,RENT,1200,,,40,30
74354009-0f78-4a12-687f-43f641dc1af1,fb9e3e8a-17e4-4855-dc4a-365b3592dd4e,COLL,30000,,1000,,
d8dfe8ec-c25b-4431-7f9f-1e97e106b889,fb9e3e8a-17e4-4855-dc4a-365b3592dd4e,COMP,25000,,250,,
11d8ddb3-86d2-40d9-5dea-010c94e3128f,fb9e3e8a-17e4-4855-dc4a-365b3592dd4e,RENT,1200,,,40,30
99e24428-cea4-4272-ada0-51f4e2c79dc8,fb9e3e8a-17e4-4855-dc4a-365b3592dd4e,TOW,150,,,,
d8b56d23-0b85-42dc-1e34-4bcadb9bd48b,1699b9fd-42d5-4db7-4541-21ac967d2db3,COLL,30000,,1000,,
e436d13b-9323-47d9-fcda-1d7c5327de1a,1699b9fd-42d5-4db7-4541-21ac967d2db3,COMP,25000,,250,,
a092b4f7-2e92-4d4b-5cbd-3a2f95dfac8e,1699b9fd-42d5-4db7-4541-21ac967d2db3,RENT,1200,,,40,30
87fdebe9-d524-4527-f517-93c375617800,e333d053-64e3-426c-ba16-67290968ac4b,COLL,30000,,500,,
1420347f-49ee-4c10-b991-80d1dd109960,e333d053-64e3-426c-ba16-67290968ac4b,COMP,25000,,250,,
d61fdccf-3199-4074-c579-4d406b1bcd0c,e333d053-64e3-426c-ba16-67290968ac4b,RENT,1200,,,40,30
d2f25a50-1cfb-49ba-27e0-08b0b55d5e78,e333d053-64e3-426c-ba16-67290968ac4b,TOW,150,,,,
5fc2193c-7eee-49c7-bc3b-feac92dfe344,c3ec420c-8675-40d1-9245-7bd7e0f116e8,COLL,25000,,1000,,
f154550b-1927-4b24-f9d8-ff358cba0f94,c3ec420c-8675-40d1-9245-7bd7e0f116e8,COMP,25000,,500,,
83db025c-59c7-4e38-24ae-de468479b4bf,c3ec420c-8675-40d1-9245-7bd7e0f116e8,RENT,1200,,,40,30
48c601f6-c0ad-4b2f-7c45-6105585714dd,c3ec420c-8675-40d1-9245-7bd7e0f116e8,TOW,150,,,,
a0563484-10b7-49b2-9f54-ce91f42cc109,648fbe76-1a33-40f5-b3f3-2ae42343f68e,COLL,50000,,1000,,
8cc99307-f720-42a2-3977-8ce1a31f88fa,648fbe76-1a33-40f5-b3f3-2ae42343f68e,COMP,25000,,500,,
4a8183da-8a78-489d-885a-a7d939cc41a6,648fbe76-1a33-40f5-b3f3-2ae42343f68e,RENT,1200,,,40,30
a6f0ce37-63dc-4650-8ec0-f7b98e5eaf6e,648fbe76-1a33-40f5-b3f3-2ae42343f68e,TOW,150,,,,
931fa3a3-c280-452b-cf8b-85c512fc2c58,725ab8e4-ad8c-4a61-4a6f-a88e7722cc37,COLL,30000,,1000,,
b647f829-2ba4-4e36-017d-16f4e92a4459,725ab8e4-ad8c-4a61-4a6f-a88e7722cc37,COMP,30000,,250,,
219292b2-b72c-4653-35b0-8c64bf217c91,725ab8e4-ad8c-4a61-4a6f-a88e7722cc37,RENT,1200,,,40,30
51d87bdb-1ecb-421e-a31e-718b0176ca5a,725ab8e4-ad8c-4a61-4a6f-a88e7722cc37,TOW,150,,,,
2f5d4096-f7e8-4d3c-aa86-1eb3a356800b,b4786ee3-c0d4-4e6c-0a1a-02eda3618dfd,COLL,30000,,500,,
d594f2b4-532e-4237-b37e-29022aa81de2,b4786ee3-c0d4-4e6c-0a1a-02eda3618dfd,COMP,30000,,250,,
37061c92-9914-4d9b-9284-23e2fdc04e10,b4786ee3-c0d4-4e6c-0a1a-02eda3618dfd,RENT,1200,,,40,30
5362c590-f43b-463d-f39e-ee08bd1328a8,69555ca5-ed51-4477-d88f-2391f8fef50b,COLL,50000,,1000,,
0e7d6849-a9c7-4db6-67c5-21629b236c50,69555ca5-ed51-4477-d88f-2391f8fef50b,COMP,30000,,500,,
f5639738-6a7f-4af7-a089-5e4a9b4a7321,69555ca5-ed51-4477-d88f-2391f8fef50b,RENT,1200,,,40,30
bb499292-a388-47fb-84a0-01f31896ca61,f7688621-b8ea-42a7-b05a-02ec537f25b0,COLL,30000,,1000,,
394e42c5-ea1a-4a3c-97c8-b6b7fe4d358f,f7688621-b8ea-42a7-b05a-02ec537f25b0,COMP,25000,,500,,
e14ed0fe-a54b-4dac-f937-a5667f8504b3,f7688621-b8ea-42a7-b05a-02ec537f25b0,RENT,1200,,,40,30
0f34fdfd-4554-43d1-2cac-7f14fdd806b2,e2dd9612-d378-46ef-15ae-8de049cd23dd,COLL,50000,,1000,,
32a340cc-10c9-4c80-c37e-f580a98208df,e2dd9612-d378-46ef-15ae-8de049cd23dd,COMP,30000,,500,,
1632b242-3daf-4efa-a706-0489377d8c66,e2dd9612-d378-46ef-15ae-8de049cd23dd,RENT,1200,,,40,30
893fb5a6-18bd-4582-97f6-ae4fc9061f4d,4105d0cf-fc3a-44c2-7c9a-af1a989a96f5,COLL,30000,,500,,
ac35ba19-23d2-4cc8-74c9-d8ed877ece5c,4105d0cf-fc3a-44c2-7c9a-af1a989a96f5,COMP,30000,,500,,
48e45a58-eca4-49b1-1d35-f2f4f62decf9,4105d0cf-fc3a-44c2-7c9a-af1a989a96f5,RENT,1200,,,40,30
88b08602-4c81-430e-1aac-7cc1dc363077,4105d0cf-fc3a-44c2-7c9a-af1a989a96f5,TOW,150,,,,
499ffac8-e98f-41fb-a4be-856d4d8d1161,a510fb31-62e7-4c63-56f3-4a02c59baa7c,COLL,25000,,1000,,
dfffbeb4-35af-4347-168a-8866da6e44b0,a510fb31-62e7-4c63-56f3-4a02c59baa7c,COMP,25000,,500,,
af9cffe0-c609-4a6b-cf58-fb3b70ca4bbc,a510fb31-62e7-4c63-56f3-4a02c59baa7c,RENT,1200,,,40,30
cbf12485-de38-4950-0a1f-38fcc13ef34f,a510fb31-62e7-4c63-56f3-4a02c59baa7c,TOW,150,,,,
2a939a3f-2296-423c-9637-f244cbc403c0,2c658e85-236c-41ab-0bc1-48c23259cea4,COLL,50000,,500,,
8fe782c8-7689-4754-0bdc-c47a337eecd6,2c658e85-236c-41ab-0bc1-48c23259cea4,COMP,30000,,500,,
b1b06b54-c460-4060-f464-dc6fe53c76fd,2c658e85-236c-41ab-0bc1-48c23259cea4,RENT,1200,,,40,30
3d57b00d-37b6-435d-ae9d-be418397621a,2c658e85-236c-41ab-0bc1-48c23259cea4,TOW,150,,,,
4e4194e5-061a-4020-f1b7-1b63f93570d3,85a07afc-bd40-4794-77f1-47b7581a63f7,COLL,50000,,500,,
fb70cbed-4918-47d9-bd85-01c84bd2a34f,85a07afc-bd40-4794-77f1-47b7581a63f7,COMP,25000,,500,,
e102f88b-56c6-4ccf-2a48-fa0315e4b24e,85a07afc-bd40-4794-77f1-47b7581a63f7,RENT,1200,,,40,30