part_id,damage_id,part_name,damage_severity,labor_hours,part_cost
4ae69fe7-f4f6-4b5f-4e32-5eafac0ba030,9e0adab0-d556-40dd-7a33-1b8118fc5f43,Rear Bumper,Severe,5.96,1850
4cac41d7-b19a-43fd-b17b-0ccb449f94cd,9e0adab0-d556-40dd-7a33-1b8118fc5f43,Trunk Lid,Severe,4.72,1420
3a0c98e9-0aa1-4730-bcd6-8441bcc35779,9e0adab0-d556-40dd-7a33-1b8118fc5f43,Left Quarter Panel,Moderate,3.63,980
2b4826e3-4aca-47d7-890c-32ffa0533722,9e0adab0-d556-40dd-7a33-1b8118fc5f43,Right Quarter Panel,Severe,2.95,760
03583feb-eced-4614-348f-0d6b99a56bde,9e0adab0-d556-40dd-7a33-1b8118fc5f43,Tail Light Assy,Minor,3.38,540
0e0a75dc-287b-4d67-26f1-15e495254ae8,9e0adab0-d556-40dd-7a33-1b8118fc5f43,Rear Sensor,Minor,7.27,1181.55
03e4287c-5ef0-4aa7-9515-78ce77bcc8ec,1bc06af1-cab5-4e61-49b8-a891b38e9a63,Windshield,Severe,1.05,1021.11
28e8c9c7-3e68-4c60-da3b-2035bab30241,1bc06af1-cab5-4e61-49b8-a891b38e9a63,Front Bumper,Minor,0.81,8429.43
2fedb613-f8c4-402e-446a-8d27095c51f6,1bc06af1-cab5-4e61-49b8-a891b38e9a63,Rear Bumper,Moderate,1.5,9783.71
80d45be3-5ed3-4397-0d23-8d0e203db78d,1bc06af1-cab5-4e61-49b8-a891b38e9a63,Rear Sensor,Moderate,0.51,2899.72
03a9a8c9-7944-4012-cf94-07e071db9a26,1bc06af1-cab5-4e61-49b8-a891b38e9a63,Left Quarter Panel,Minor,4.83,4688.37
ae1d9589-5b9d-4f0b-39ee-fe82e153c7a1,95410b1e-3b02-420c-b9de-30017b5d8fac,Rear Sensor,Moderate,2.48,307.25
cbcb6d11-e856-4a32-1fa9-255633b2bd57,95410b1e-3b02-420c-b9de-30017b5d8fac,Windshield,Minor,7.07,968.67
a789f540-14e9-4459-4495-ab8e22cb120f,95410b1e-3b02-420c-b9de-30017b5d8fac,Right Quarter Panel,Minor,4.83,1272.53
53f33f36-1704-462b-84c1-cb8da3b32b70,44f7e8a1-6429-4895-2aac-820b33dce042,Trunk Lid,Severe,7.29,503.68
759f08a1-baf7-475d-1722-0ce3f7f1e784,44f7e8a1-6429-4895-2aac-820b33dce042,Right Quarter Panel,Severe,2.26,313.86
7e3f1604-9c02-4866-9d62-f0aa347c9712,d4e4b757-23b2-4e72-05de-467a8beb0f16,Rear Sensor,Severe,3.94,5923.04
f377fa2a-ca20-42d3-a423-8384131ccd0e,d4e4b757-23b2-4e72-05de-467a8beb0f16,Rear Bumper,Minor,7.5,4616.2
cea6ec6e-59b5-4e7e-6577-98ead4648540,bc7c3602-b4ab-4dbe-1ecb-83c216659e7e,Left Quarter Panel,Severe,3.67,239.55
b8ea9290-48de-4d34-0d8f-5bf61fadea07,bc7c3602-b4ab-4dbe-1ecb-83c216659e7e,Left Door,Moderate,1.24,1814.11
afb6e66f-6666-4f57-ceee-5f11bdfbda40,bc7c3602-b4ab-4dbe-1ecb-83c216659e7e,Hood,Severe,5.64,400.28
c4a0060d-0198-4cfd-6d4c-6e01b2789b26,bc7c3602-b4ab-4dbe-1ecb-83c216659e7e,Right Quarter Panel,Minor,3.63,746.06
024fffac-1a60-4103-9b88-d2f3680e676f,c5a720e5-c735-4995-3989-f20e1281c0be,Right Quarter Panel,Minor,7.99,1309.12
2882710c-8976-457a-f45c-492193ac33b7,c5a720e5-c735-4995-3989-f20e1281c0be,Windshield,Severe,7.21,5103.13
b8944c3d-66cb-4b99-960e-b6789baf06b3,c5a720e5-c735-4995-3989-f20e1281c0be,Left Quarter Panel,Severe,1.18,951.7
33943ba5-6f04-4e4f-77e3-70da41bec0c2,cab53dd0-0647-4678-db8d-ba98b7e5013f,Front Bumper,Severe,2.65,1246.6
4e316beb-3f71-4e34-1124-a30e762d805b,cab53dd0-0647-4678-db8d-ba98b7e5013f,Hood,Moderate,1.12,1592.87
44b5beca-e27f-4e77-d366-c9b52cf48f37,590b5833-9e3a-4346-a44f-450fec733921,Left Quarter Panel,Severe,6.01,894.43
76409f7a-1fc7-4133-961e-1ff1a6710fc5,590b5833-9e3a-4346-a44f-450fec733921,Trunk Lid,Severe,3.89,1157.95
1e9f0b47-1210-4ab0-e61c-19a54122d46c,590b5833-9e3a-4346-a44f-450fec733921,Trunk Lid,Severe,5.74,1478.47
d8ca2cc3-24a0-428d-d59b-81f4b0ffa557,590b5833-9e3a-4346-a44f-450fec733921,Trunk Lid,Minor,5.73,1000.51
f68094e1-ec32-4d5b-a809-e5737c9e77a5,590b5833-9e3a-4346-a44f-450fec733921,Right Quarter Panel,Minor,7.89,1342.18
b51aec5d-bba5-4ca5-a516-41e0000b030d,590b5833-9e3a-4346-a44f-450fec733921,Left Quarter Panel,Moderate,1.22,470.53
948291dc-06fe-4c5b-e8f5-c09f7efb6bad,590b5833-9e3a-4346-a44f-450fec733921,Windshield,Minor,3.07,1399.23
1963bea1-1a4f-4354-4dbf-8f36e61e229c,e03b9852-3e22-4e6f-6dc8-5e05454b877f,Left Door,Moderate,4.03,1564.22
f3077db9-9c03-481a-1f43-6ca9036401db,e03b9852-3e22-4e6f-6dc8-5e05454b877f,Front Bumper,Moderate,7.58,400.53
a4e6717d-4b50-4793-c295-5224faba99f0,e03b9852-3e22-4e6f-6dc8-5e05454b877f,Tail Light Assy,Minor,3.98,428.84
d51b71b4-3b42-4190-3c63-0ba8a9548af7,e03b9852-3e22-4e6f-6dc8-5e05454b877f,Windshield,Moderate,3.02,585.22
a1ebcfbe-2da5-4187-e695-228df2c7dd32,a02cf8a6-26ff-4900-8b91-bdaa3140c630,Left Quarter Panel,Minor,5.84,1190.22
7f41994b-68ab-470e-ad99-9b64f0f5f61a,a02cf8a6-26ff-4900-8b91-bdaa3140c630,Rear Bumper,Minor,3.07,1592.98
2b986589-b633-4644-b8c8-93ecbd64c71b,a02cf8a6-26ff-4900-8b91-bdaa3140c630,Trunk Lid,Minor,7.38,1111.52
a507e72d-ed91-4144-164d-4a0b28ddb815,a02cf8a6-26ff-4900-8b91-bdaa3140c630,Rear Sensor,Moderate,5.14,552.46
5aec3553-53ad-4493-e49b-371d229787f8,a02cf8a6-26ff-4900-8b91-bdaa3140c630,Windshield,Severe,3.96,497.97
3363a55a-1a72-4ecc-da42-ef5c1b46b3b3,a02cf8a6-26ff-4900-8b91-bdaa3140c630,Front Bumper,Severe,3.44,1610.95
c3d3ca39-c1d7-492f-b710-3e405eb52894,a02cf8a6-26ff-4900-8b91-bdaa3140c630,Hood,Severe,1.48,569.19
e35dfa90-2944-4b00-fccd-0e1fd0dac457,a8960aaf-075c-4c88-d7f0-d182cade240d,Rear Bumper,Severe,6.86,1265.2
b5bdc5bb-0483-4fa0-903a-5acd03fac723,a8960aaf-075c-4c88-d7f0-d182cade240d,Left Door,Moderate,3.17,808.62
1c0b517b-1a84-4ed7-6c6a-7049ff710bfb,a8960aaf-075c-4c88-d7f0-d182cade240d,Hood,Minor,6.51,295.61
27981f25-67bf-481b-07cb-a7e3685fa906,a8960aaf-075c-4c88-d7f0-d182cade240d,Trunk Lid,Moderate,2.62,183.73
51e38df8-2634-48af-4013-fc2a9f897b24,a8960aaf-075c-4c88-d7f0-d182cade240d,Front Bumper,Severe,5.26,296.63
18ebd706-4c46-48e0-6884-aa0ee5e65161,a8960aaf-075c-4c88-d7f0-d182cade240d,Tail Light Assy,Severe,4.17,1729.31
d39cb414-63d3-468a-a8b9-85d245e7545b,4652b0b4-eaa5-441c-9b63-eb57083fcc84,Windshield,Moderate,3.23,1101.18
b58f6095-9830-4588-6fa1-209cd0dc1be0,4652b0b4-eaa5-441c-9b63-eb57083fcc84,Hood,Minor,7.85,1770.55
cf2c2f1c-d3a8-476e-d21d-77286e50226c,4652b0b4-eaa5-441c-9b63-eb57083fcc84,Right Quarter Panel,Minor,6.53,1643.14
77470cde-489e-473a-d86f-96e66241a173,4652b0b4-eaa5-441c-9b63-eb57083fcc84,Rear Sensor,Minor,1.5,307.96
87d6bf76-a0cf-42fe-27c3-9981a1e39d39,4652b0b4-eaa5-441c-9b63-eb57083fcc84,Rear Bumper,Minor,7.45,1768.38
1ffcc9f9-0505-4c74-f000-1b7fc38e0a54,7cbe6c4b-85b3-48a7-5d83-6bc94434cb9b,Left Door,Moderate,7.81,1368.06
73d2dcf1-16e2-45b3-fcf4-057c72df802b,7cbe6c4b-85b3-48a7-5d83-6bc94434cb9b,Right Quarter Panel,Severe,3.7,582.78
cc17a77d-5d60-4d64-2b7e-0d988f0d2ced,7cbe6c4b-85b3-48a7-5d83-6bc94434cb9b,Tail Light Assy,Severe,2.77,720.05
33a16063-c2b9-4afd-ee02-776a92571398,7cbe6c4b-85b3-48a7-5d83-6bc94434cb9b,Right Quarter Panel,Minor,6.95,602.55
130d78ff-92c8-487a-00ff-150fbb31088d,7fa0b8e8-368c-4c0b-5196-aac25f79f21b,Hood,Severe,0.96,1272.9
4dffa271-fcfe-4284-bcaa-b3caed706864,7fa0b8e8-368c-4c0b-5196-aac25f79f21b,Left Quarter Panel,Moderate,2.43,1318.53
05b9c4c1-a0a9-4bfe-3764-aabf4b162238,7fa0b8e8-368c-4c0b-5196-aac25f79f21b,Front Bumper,Moderate,7.11,1310.95
b4ac4730-24cf-431b-aa57-9060253f373f,7fa0b8e8-368c-4c0b-5196-aac25f79f21b,Rear Bumper,Moderate,1.21,1131.05
ff5a8230-0134-4cbe-b32b-a35535f3cf3b,7fa0b8e8-368c-4c0b-5196-aac25f79f21b,Rear Bumper,Minor,0.7,656.49
0933c153-6471-4635-b405-72ebd36f48af,7fa0b8e8-368c-4c0b-5196-aac25f79f21b,Rear Sensor,Minor,2.31,1802.42
4b38de77-c6d5-4194-94bf-30ad67fc76dc,1b606ca9-4a52-426e-8bd8-5fa3c0451089,Rear Sensor,Minor,6.5,156.5
86983f79-0c8a-41ca-d933-919a1eff41b0,1b606ca9-4a52-426e-8bd8-5fa3c0451089,Windshield,Minor,7.04,604.97
11327109-4a06-4848-fabe-9d7356babca4,1b606ca9-4a52-426e-8bd8-5fa3c0451089,Trunk Lid,Minor,5.48,1663.63
b0453bff-934f-4f18-14e3-e4659a5614a7,06cb6861-f54a-465f-0559-272b3b25d1db,Left Quarter Panel,Severe,0.79,353.91
eec5566d-1942-46af-7680-e93ed2937106,06cb6861-f54a-465f-0559-272b3b25d1db,Front Bumper,Severe,7.26,1347.64
4bb346dc-320e-44f6-82ce-d50d77cfc25f,06cb6861-f54a-465f-0559-272b3b25d1db,Hood,Minor,4.39,1153.16
dd036122-a6d3-4ea1-7686-89ffde22da93,06cb6861-f54a-465f-0559-272b3b25d1db,Rear Bumper,Minor,0.79,1493.63
16bc1e6a-6e6a-49a3-44fe-3300ed07116e,06cb6861-f54a-465f-0559-272b3b25d1db,Front Bumper,Moderate,1.27,1893.56
3d18f67d-780f-4aae-b9b7-232f40246039,06cb6861-f54a-465f-0559-272b3b25d1db,Rear Bumper,Moderate,6.14,1409.89
f75d8117-5d40-49e8-2720-c6055e8fc04c,06cb6861-f54a-465f-0559-272b3b25d1db,Rear Sensor,Severe,4.04,1584.75
0d52eaa1-e122-4c36-a265-802fc7bb9815,2c84e312-0738-4ec3-0dc7-aab7a06875b5,Rear Bumper,Severe,5.29,1796.81
d5d0663b-13a4-444f-a97a-7ad805ea534a,2c84e312-0738-4ec3-0dc7-aab7a06875b5,Hood,Minor,7.58,404.71
32466237-4687-4818-6922-485bd198d4f1,2c84e312-0738-4ec3-0dc7-aab7a06875b5,Right Quarter Panel,Severe,2.81,340.31
695a52bc-a311-43bf-aac3-9213f680cb12,2c84e312-0738-4ec3-0dc7-aab7a06875b5,Hood,Minor,5.15,1714.09
6c14a47f-c284-4f52-ed81-6359a4c513bf,2c84e312-0738-4ec3-0dc7-aab7a06875b5,Rear Bumper,Severe,7.4,548.79
8e448a42-a6cd-4d3a-c9a3-369782520a31,2c84e312-0738-4ec3-0dc7-aab7a06875b5,Trunk Lid,Severe,7.5,828.91
76394d9b-cd54-42e2-71e7-0392dfcdfe13,2c84e312-0738-4ec3-0dc7-aab7a06875b5,Rear Sensor,Moderate,7.27,616.95
2baa149f-5f26-4fa3-43be-303425ca7ef3,063d1ae5-75a1-4f2b-2a42-4e73b455bfee,Hood,Severe,4.7,1010.16
a496e00b-912f-45ea-8f53-f77bc7d0518d,063d1ae5-75a1-4f2b-2a42-4e73b455bfee,Rear Sensor,Severe,6.71,566.78
803d5d92-d085-49b2-c072-4967a76c531b,dfa84043-8ec0-4a10-4cce-89152259e679,Left Quarter Panel,Minor,0.87,1224.18
aa381fa8-3136-4353-30bc-2c5006e0ff41,dfa84043-8ec0-4a10-4cce-89152259e679,Tail Light Assy,Minor,4.64,1662.67
7741093b-a6e4-4335-b1c8-7fbfed584a14,dfa84043-8ec0-4a10-4cce-89152259e679,Hood,Moderate,1.97,1627.39
c4e5dd7a-daa0-4c41-0ba5-7da1575bfa90,dfa84043-8ec0-4a10-4cce-89152259e679,Rear Sensor,Severe,4.53,928.1
6e7f148f-cff1-4eb1-11c8-3702385d9bde,dfa84043-8ec0-4a10-4cce-89152259e679,Trunk Lid,Severe,0.76,1278.21
b8504faa-40b2-4bdc-f40f-511d4b28792f,dfa84043-8ec0-4a10-4cce-89152259e679,Right Quarter Panel,Minor,6.91,1805.82
1c7d9227-8675-4804-6201-a9830b978332,dfa84043-8ec0-4a10-4cce-89152259e679,Right Quarter Panel,Severe,5.81,1029.91
a86ede87-6846-4769-c182-ccd433a99753,33845955-f99d-42d0-06c7-5828d6c9e61d,Left Quarter Panel,Severe,6.28,795.23
867e07b6-5fc7-4a19-f450-3b0a9fe798bd,33845955-f99d-42d0-06c7-5828d6c9e61d,Left Quarter Panel,Moderate,1.23,370.34
fe0674bb-6823-4422-b762-0b5b7c6febe5,33845955-f99d-42d0-06c7-5828d6c9e61d,Front Bumper,Minor,5.33,872.6
8ce7b7a6-8cdc-4210-4371-cf95d8933dbe,33845955-f99d-42d0-06c7-5828d6c9e61d,Rear Bumper,Moderate,3.32,893.19
89ea014a-c722-49aa-4bb5-0022a3daf454,33845955-f99d-42d0-06c7-5828d6c9e61d,Rear Bumper,Minor,5.88,749.35
5e074fa5-d02f-4cc4-18bf-50549ee024c4,33845955-f99d-42d0-06c7-5828d6c9e61d,Front Bumper,Severe,5.75,692.75
f103fdcf-86df-4dcc-1c28-d90745f5d4bd,dbc885e3-2cff-4a08-c24f-47d5b4d49898,Rear Sensor,Moderate,7.19,5036.58
aebee272-cb9e-4247-8d8d-8bc8613a3924,dbc885e3-2cff-4a08-c24f-47d5b4d49898,Windshield,Severe,0.83,2950.05
47e614b6-ef6c-47e2-46bb-4e2faf2874b9,dbc885e3-2cff-4a08-c24f-47d5b4d49898,Left Door,Severe,0.74,1812.03
e1f6d6c4-f424-4507-d917-7b31a70f355c,dbc885e3-2cff-4a08-c24f-47d5b4d49898,Hood,Moderate,3.74,5580.13
4741be1c-557b-4f81-fc51-4f338835480a,dbc885e3-2cff-4a08-c24f-47d5b4d49898,Rear Bumper,Moderate,3.52,9007.61
ec1c3538-d2b3-417f-110f-7398b99b5849,d4dbb013-21fc-41f3-1999-b1d1d0ef58b3,Left Door,Minor,7.61,529.64
7ce2da9d-8a9f-4dc2-75ce-f5a6cd03b855,d4dbb013-21fc-41f3-1999-b1d1d0ef58b3,Trunk Lid,Severe,3.79,1006.47
cd37de08-7248-4c5f-101d-d92b89683ae6,d4dbb013-21fc-41f3-1999-b1d1d0ef58b3,Rear Sensor,Moderate,5.82,976.61
989e1d2c-e4a1-4171-34f6-fc0121f96938,d4dbb013-21fc-41f3-1999-b1d1d0ef58b3,Windshield,Moderate,2.43,558.24
6ab1ea3e-020a-452c-b6dd-ea71289eb2e5,d4dbb013-21fc-41f3-1999-b1d1d0ef58b3,Rear Sensor,Moderate,5.07,1269.45
df6f5870-34cf-4614-bded-ead043e802e9,d4dbb013-21fc-41f3-1999-b1d1d0ef58b3,Front Bumper,Minor,7.41,250.01
8de51f88-eb3c-4880-2666-3dbf7e11a8a7,9c48e62a-45e2-4778-2d4f-240d6d93c5e3,Left Quarter Panel,Severe,5.35,959.08
0efe5dea-1cf8-4e6d-4444-dfed469cfa1e,9c48e62a-45e2-4778-2d4f-240d6d93c5e3,Hood,Severe,5.77,272.62
619654bf-38db-409e-edbd-c3a965c69d5d,9c48e62a-45e2-4778-2d4f-240d6d93c5e3,Left Quarter Panel,Severe,2.61,1326.74
fac31bb9-f1bf-4ff7-3386-3ebdd9aac7a4,46743f18-7c9d-46ae-87ee-051170840b6e,Rear Bumper,Moderate,0.6,933.03
79fe7390-fcc3-4706-c744-92c41bc57b64,46743f18-7c9d-46ae-87ee-051170840b6e,Rear Bumper,Severe,6.95,1154.3
6a45f050-888c-4b4c-fd38-6e5be1a2cb69,46743f18-7c9d-46ae-87ee-051170840b6e,Left Door,Severe,5,1290.49
2bedd0df-8097-42f1-02b4-78748c6d8d0b,401af4a3-b5e5-4f3a-e3d6-8c88ce508dd1,Left Door,Severe,4.57,617.35
5a65ddd1-beb4-405e-6099-3af74efe295b,401af4a3-b5e5-4f3a-e3d6-8c88ce508dd1,Trunk Lid,Severe,3.14,818.16
a6d27437-bb1a-46bb-79f3-afe933745bb5,c35d3a74-492c-4527-1ee9-81159dbf402b,Rear Sensor,Moderate,6.08,1005.69
8afab8b1-977a-410e-1c74-63d46021f9e9,c35d3a74-492c-4527-1ee9-81159dbf402b,Front Bumper,Severe,5.28,738.9
5572ded5-478c-4f69-52a2-b85980664f82,c35d3a74-492c-4527-1ee9-81159dbf402b,Windshield,Minor,5.39,1771.86
f4c80051-18e5-44e4-f2ac-45ec495b57dd,c35d3a74-492c-4527-1ee9-81159dbf402b,Trunk Lid,Minor,3.73,953.43
30eb8e9c-e5fd-4f47-47b7-f7b6f4ad5cc7,2c691ee7-8715-4c9c-daef-6e6adc703fb8,Rear Sensor,Minor,1.91,1714.28
1e745bc3-a958-4560-4c23-d8f6cc33e0c1,2c691ee7-8715-4c9c-daef-6e6adc703fb8,Right Quarter Panel,Severe,2.58,662.76
53ec75c5-bc56-41ea-86c9-750ca78f89d6,2c691ee7-8715-4c9c-daef-6e6adc703fb8,Front Bumper,Minor,2.53,950.5
519a7c23-e99f-44eb-c0c5-582c4849dc7a,2c691ee7-8715-4c9c-daef-6e6adc703fb8,Windshield,Severe,2.71,956.6
d2ab5772-5007-4271-3bf4-4ee1b5e86c19,2c691ee7-8715-4c9c-daef-6e6adc703fb8,Tail Light Assy,Minor,5.12,1886.87
6e81b7fd-5176-4cef-0ca0-5ba1f60d6732,2c691ee7-8715-4c9c-daef-6e6adc703fb8,Rear Sensor,Moderate,7.57,1673.69
ebe28208-f554-4f4b-3012-42a594402a0e,2c691ee7-8715-4c9c-daef-6e6adc703fb8,Left Quarter Panel,Moderate,1.5,315.14
e58e9ef1-d867-4e91-14f6-c2b6d3b0b424,1903bf8c-ea98-4d5f-1d46-d04e7e8bbd6a,Windshield,Severe,7.76,644.11
30820be3-c695-4197-13a0-bae7720e4aa5,1903bf8c-ea98-4d5f-1d46-d04e7e8bbd6a,Rear Sensor,Severe,5.18,1141.81
acf87f4b-b037-4a66-38a5-65a467e0b594,8260743f-ba40-4db3-ead8-3fa662e901eb,Right Quarter Panel,Severe,3.9,1061.19
61862d3a-2c0e-42ae-71ae-c30fa0c52347,8260743f-ba40-4db3-ead8-3fa662e901eb,Windshield,Minor,4.75,766.23
c5a116c2-afd8-4b0d-6484-4a3ab1a4b0b8,8260743f-ba40-4db3-ead8-3fa662e901eb,Windshield,Moderate,5.36,1415.19
8e149682-5a9a-40a5-7b8d-cdb4fbd32dbf,8260743f-ba40-4db3-ead8-3fa662e901eb,Rear Bumper,Minor,1.45,173.56
b8025749-f64a-42e4-25f5-033b2817df74,8260743f-ba40-4db3-ead8-3fa662e901eb,Left Quarter Panel,Moderate,4.06,1157.2
149087b0-c51e-40ca-cf8a-0ee39b4fca8d,8260743f-ba40-4db3-ead8-3fa662e901eb,Front Bumper,Minor,3.76,1320.95
94a8a7d2-9d97-42fc-d65d-42719a5c0514,53e06b19-781a-4294-20ef-69095f342a13,Windshield,Moderate,5.95,725.68
7f2008e5-64ee-415e-240d-ccb71c86a24c,53e06b19-781a-4294-20ef-69095f342a13,Tail Light Assy,Moderate,7.15,1220.61
9e5393c5-1611-4167-dc65-b1c0fb67b4b6,53e06b19-781a-4294-20ef-69095f342a13,Left Door,Moderate,1.03,1285.22
28c6f45c-9922-40b8-01ab-da51c993b0f7,53e06b19-781a-4294-20ef-69095f342a13,Front Bumper,Minor,4.36,1329.17
431482a8-0e7f-4b70-5792-bc0ae4a2909d,53e06b19-781a-4294-20ef-69095f342a13,Tail Light Assy,Severe,0.89,1220.53
809fe11a-f66f-491f-2a38-d91be9cfe14a,53e06b19-781a-4294-20ef-69095f342a13,Right Quarter Panel,Minor,5.69,642.81
6f153ab4-d141-46d6-6a91-f0635bcd42dc,a09114a3-022e-4be8-230b-82b18d2bd741,Rear Sensor,Severe,6.77,1479.03
3aa4eced-25f1-4f68-ff70-e81b870056d3,a09114a3-022e-4be8-230b-82b18d2bd741,Hood,Minor,2.59,1733.41
3f88327c-d041-4209-6b70-63345f0de127,a09114a3-022e-4be8-230b-82b18d2bd741,Rear Bumper,Moderate,3.67,606.92
086ae593-f35e-41cc-da4e-7af8ce377f86,9a36f901-6036-4a31-acd9-8d9216f7bf10,Right Quarter Panel,Minor,4.27,1606.61
1c3b8586-fe64-4e18-b45c-da16e53c6f82,9a36f901-6036-4a31-acd9-8d9216f7bf10,Rear Sensor,Severe,3.39,989.56
2f96cac4-5c8e-4a30-ce1d-87f5cb051459,9a36f901-6036-4a31-acd9-8d9216f7bf10,Tail Light Assy,Moderate,0.92,1802.05
d3e38d89-ef6f-4d6c-5172-9d809f75035c,9a36f901-6036-4a31-acd9-8d9216f7bf10,Left Door,Severe,2.48,1580.08
d6baba09-a9d7-439a-d0f8-21a3f7421467,9a36f901-6036-4a31-acd9-8d9216f7bf10,Windshield,Moderate,7.4,1569.22
97bca79a-057e-4000-7cc9-f217ba292598,9a36f901-6036-4a31-acd9-8d9216f7bf10,Left Quarter Panel,Minor,3.62,934.1
cd6c5506-242d-4ac1-7ae7-70d4dff25485,9a36f901-6036-4a31-acd9-8d9216f7bf10,Trunk Lid,Severe,2.21,738.44
2f676255-3922-469e-ed0e-f53503ed1e80,94a3acc6-7125-4dd2-1241-bf3043c14f89,Front Bumper,Severe,7.45,901.46
d648b9f7-17c1-45ee-c664-eaf173e3f455,94a3acc6-7125-4dd2-1241-bf3043c14f89,Rear Bumper,Severe,2.74,390.71
8281c422-5ebc-43b2-4c4f-7377f2b2fdd2,94a3acc6-7125-4dd2-1241-bf3043c14f89,Rear Sensor,Minor,7.4,1148.18
2512f1d7-8c5c-4858-def0-558cb84e3812,94a3acc6-7125-4dd2-1241-bf3043c14f89,Windshield,Severe,1.95,529.69
b968d674-0b63-47dc-aa62-edc9a8b9be14,94a3acc6-7125-4dd2-1241-bf3043c14f89,Front Bumper,Minor,1.58,704.69
34769a63-ff55-4787-8826-8dd37ef2b2f2,984ee863-202f-423f-dced-fff2d7bc9a35,Left Door,Severe,1.49,1453.83
25b94661-293d-43f9-9aa1-ab96cdf89633,984ee863-202f-423f-dced-fff2d7bc9a35,Rear Sensor,Minor,1.85,1486.69
60a0e1e4-efeb-4f15-cf68-3e4d4a3b992c,54951b22-b8b2-42a8-34ef-8607a7bd5d27,Rear Sensor,Severe,1.81,296.74
2aa1b104-a98f-41b1-b97b-b0357524f92b,54951b22-b8b2-42a8-34ef-8607a7bd5d27,Right Quarter Panel,Minor,4.14,748.64
f39b8876-f071-46eb-1323-a056c85c1455,54951b22-b8b2-42a8-34ef-8607a7bd5d27,Left Door,Minor,1.73,1815.4
e78dff43-9f17-46cb-6a2f-c68dab22f600,54951b22-b8b2-42a8-34ef-8607a7bd5d27,Trunk Lid,Minor,3.95,1419.43
74617301-9557-45f2-23b5-dee62d303a67,54951b22-b8b2-42a8-34ef-8607a7bd5d27,Tail Light Assy,Moderate,2.15,1141.63
b52f166e-955c-47d0-44d3-96626c8c00d4,0892ca88-3415-4f93-b5bc-7a58840c5b15,Right Quarter Panel,Minor,5.99,469.28
324c000d-2b8f-4c48-df2f-d34ce340bb03,0892ca88-3415-4f93-b5bc-7a58840c5b15,Rear Bumper,Minor,6.83,514.33
2c3398b4-faee-4875-c0ea-ce1a93b7cfa5,0892ca88-3415-4f93-b5bc-7a58840c5b15,Windshield,Minor,3.05,228.36
3c1e18c5-a6aa-43d3-f369-38e0f0b3903b,0892ca88-3415-4f93-b5bc-7a58840c5b15,Rear Bumper,Minor,5.27,518.27
a846287a-ed98-4aa1-6132-e00aa8934d2f,0892ca88-3415-4f93-b5bc-7a58840c5b15,Rear Sensor,Severe,0.5,897.06
16511ff7-77d0-4529-4874-e2e6402e7920,0892ca88-3415-4f93-b5bc-7a58840c5b15,Front Bumper,Minor,4.03,689.51
86c4d795-6172-4c49-667c-27143904f13f,0892ca88-3415-4f93-b5bc-7a58840c5b15,Right Quarter Panel,Severe,7.51,366.65
029e6fbb-f7f8-4bd1-d16c-5596d11712e8,873f9374-ebb8-4eff-7c0c-4883e4c1cc92,Hood,Moderate,2.65,1012.43
89f1d505-5662-4ced-9fd6-2752e62cc005,873f9374-ebb8-4eff-7c0c-4883e4c1cc92,Front Bumper,Minor,2.3,1023.37
e9fb1efd-d17b-4ccc-4ab3-66416924c4b2,873f9374-ebb8-4eff-7c0c-4883e4c1cc92,Rear Bumper,Moderate,4.01,1557.46
72ddf303-f6f0-4cf6-08c2-062260cb4525,873f9374-ebb8-4eff-7c0c-4883e4c1cc92,Left Door,Moderate,0.52,1735.99
7aa754db-4310-48cc-d9d3-52c156dbdb1f,918a1298-e861-4fe1-6f70-45947d26e95b,Rear Sensor,Moderate,1.91,1326.19
0678beb7-c7a8-4255-fbdf-c3b48c118f87,918a1298-e861-4fe1-6f70-45947d26e95b,Right Quarter Panel,Minor,7.35,1244.49
9db7eed6-37c4-4dc4-47cc-e38bb7a4b25f,6af0c538-e318-47cf-be65-eeff551534de,Right Quarter Panel,Minor,7.69,961.94
d022681a-747f-41a1-e55f-98c6f114c3b6,6af0c538-e318-47cf-be65-eeff551534de,Rear Sensor,Moderate,1.83,7274.31
4befbd49-18ae-45ec-6a5f-7a4d8f818f23,d0a4d3bc-c5d1-47fa-af1e-dbb5bd1f2a7a,Rear Sensor,Severe,3,325.67
99358239-0e00-4e0c-849b-f233bab4bb7a,d0a4d3bc-c5d1-47fa-af1e-dbb5bd1f2a7a,Rear Sensor,Moderate,5.89,469.42
896f3938-ea31-46ad-712d-4ffd5c3755f9,d0a4d3bc-c5d1-47fa-af1e-dbb5bd1f2a7a,Rear Bumper,Minor,5.17,1447.25
8a21535f-aa29-48b6-d16d-c2d30b7e69d9,d0a4d3bc-c5d1-47fa-af1e-dbb5bd1f2a7a,Hood,Minor,2.52,1769.32
02d81c7c-f245-409d-56ba-7680bcc966fc,d0a4d3bc-c5d1-47fa-af1e-dbb5bd1f2a7a,Front Bumper,Minor,4.91,1474.78
2ef59647-c010-449a-f7dc-0f8b2edd6b37,d0a4d3bc-c5d1-47fa-af1e-dbb5bd1f2a7a,Left Door,Moderate,3.86,193.79
57c72377-9ef0-46f9-f9d7-ddd857605297,d0a4d3bc-c5d1-47fa-af1e-dbb5bd1f2a7a,Right Quarter Panel,Minor,0.66,312.96
0d3d4b5f-9817-45c9-1551-576f602fc8b8,8d80a224-0420-48cb-ed52-21c841ad38be,Hood,Severe,5.07,509.52
097ae879-cc70-4dd3-b101-5ca9260a804c,8d80a224-0420-48cb-ed52-21c841ad38be,Right Quarter Panel,Moderate,1.28,1628.58
29e41632-54fa-4be0-8128-3a8e401d0fe9,8d80a224-0420-48cb-ed52-21c841ad38be,Front Bumper,Moderate,5.7,1864.6
4e8f804b-a0fc-4410-bd6a-505429d3a363,8d80a224-0420-48cb-ed52-21c841ad38be,Trunk Lid,Minor,4.26,592.68
6ea7e4ee-ecf1-42ff-f412-79096cb02a3b,4784d4fe-92b3-4e92-1377-087f8167a85c,Windshield,Moderate,3.85,444.98
cf66912e-0cea-4b42-9f70-85f25fbcd04f,4784d4fe-92b3-4e92-1377-087f8167a85c,Left Quarter Panel,Moderate,4.8,1307.08
8eef6f25-7809-4436-6128-a1758bda47dd,4784d4fe-92b3-4e92-1377-087f8167a85c,Hood,Minor,2.29,1641.67
106189a7-1659-4d66-68d3-d8fa394b2fd4,4784d4fe-92b3-4e92-1377-087f8167a85c,Rear Sensor,Severe,1.94,1250.4
098f3cdb-159a-41d0-005e-8d6aaa1d5df2,4784d4fe-92b3-4e92-1377-087f8167a85c,Front Bumper,Moderate,0.59,1178.35
adb51b5c-59d6-4eb0-ba8d-3e59884a6784,4784d4fe-92b3-4e92-1377-087f8167a85c,Left Quarter Panel,Severe,3.06,1494.74
7ccf6132-3070-430f-fada-cc0b9dbedec6,4784d4fe-92b3-4e92-1377-087f8167a85c,Windshield,Minor,3.24,660.16
7e5be2df-c13e-43c3-17a5-49097e58fab6,476c5033-f244-496e-9b68-673155042edd,Front Bumper,Severe,6.39,693.63
4c7a6111-0134-4499-9ffd-be4f6e115227,476c5033-f244-496e-9b68-673155042edd,Hood,Severe,7.79,1721.54
ce2287b9-dfa9-43b4-6517-fd47c59f1db9,476c5033-f244-496e-9b68-673155042edd,Rear Bumper,Minor,4.85,1732.3
880e69d8-9d71-435f-7a09-fb982c5267bf,476c5033-f244-496e-9b68-673155042edd,Rear Sensor,Severe,5.96,336.34
47880f53-1f7f-490d-b509-d4c11ed14a85,476c5033-f244-496e-9b68-673155042edd,Windshield,Severe,1.02,1579.06
90fc7c97-d1c0-4c48-1dd7-e8245b6f7cdb,37392ab0-d04d-4df3-f372-1072c1fbbb95,Left Quarter Panel,Severe,6.89,525.7
2845a5bc-358a-4bb0-31a2-7e1549564460,37392ab0-d04d-4df3-f372-1072c1fbbb95,Hood,Moderate,6.24,1394.86
aebc328f-e5aa-449d-d53a-6249530b7b4a,37392ab0-d04d-4df3-f372-1072c1fbbb95,Rear Bumper,Severe,1.21,1038.16
2b4a4b05-6686-49eb-3e05-4f3b6906564c,37392ab0-d04d-4df3-f372-1072c1fbbb95,Left Quarter Panel,Moderate,4.12,920.63
85247e4a-f7ac-4517-61ba-49a24877a72f,ae2f09d1-fa04-4882-b99b-75249894d5d5,Left Door,Moderate,7.06,225.95
c1dab52e-ad26-4a8f-ec39-17525705a2cc,ae2f09d1-fa04-4882-b99b-75249894d5d5,Windshield,Minor,3.46,1685.51
49b96d34-30fb-4a1d-decc-ecc182567d30,ae2f09d1-fa04-4882-b99b-75249894d5d5,Hood,Minor,1.6,900.57
59ae500d-c3f1-4064-4c29-d3f6e805008c,ae2f09d1-fa04-4882-b99b-75249894d5d5,Left Door,Minor,2.63,785.93
b1d7762b-9e0b-4cc2-c58e-ebe764375619,ae2f09d1-fa04-4882-b99b-75249894d5d5,Tail Light Assy,Severe,5.16,1114.45
ceb4ce8b-a878-455f-2c46-0b1042208f87,cfcdc066-bb3e-4216-f926-31e47106433e,Tail Light Assy,Severe,5.07,1409.26
3f5895ea-5c6f-462c-9ca7-3a8ee074cee0,cfcdc066-bb3e-4216-f926-31e47106433e,Rear Bumper,Minor,2.39,1074.16
6e617332-0b86-4177-f7c4-0e7af084def1,cfcdc066-bb3e-4216-f926-31e47106433e,Hood,Severe,4.33,1316.1
a21c2cd4-242a-467c-4a1b-c31113ad030c,d270f3ae-caad-4aa3-03b6-2f9269cd9bdd,Left Door,Severe,2.51,1013.21
1c593e1b-df32-4ba8-b641-a13db341dbbd,d270f3ae-caad-4aa3-03b6-2f9269cd9bdd,Trunk Lid,Severe,7.46,541.85
bb77b1ea-a185-4cba-3764-080ce3b86be8,d270f3ae-caad-4aa3-03b6-2f9269cd9bdd,Right Quarter Panel,Severe,3.27,534.94
5cf74027-5dd5-43cf-336a-cd57579e5ac4,d270f3ae-caad-4aa3-03b6-2f9269cd9bdd,Hood,Moderate,5.99,1819.39
b4801d10-3aaa-441c-f64c-4d70ff459570,d270f3ae-caad-4aa3-03b6-2f9269cd9bdd,Rear Bumper,Moderate,6.52,1342.79
6a033fd4-dd36-49bd-b1a1-38c007da48da,d270f3ae-caad-4aa3-03b6-2f9269cd9bdd,Windshield,Moderate,5.79,1834.28
976bb39b-845c-4d67-0177-f5ea07ccb6c9,c20bf9ed-ef9f-4154-93bf-605f45ceb65e,Rear Bumper,Moderate,0.62,1063.42
ad6e672a-7ae9-4575-e3aa-31dac5ad7900,c20bf9ed-ef9f-4154-93bf-605f45ceb65e,Left Quarter Panel,Moderate,3.9,598.24
a3812fde-ec99-4c78-f11e-f94b22d5fb8d,c20bf9ed-ef9f-4154-93bf-605f45ceb65e,Right Quarter Panel,Moderate,2.64,856.53
ce80660d-1168-4f88-7d1d-1b8d882aabbd,c20bf9ed-ef9f-4154-93bf-605f45ceb65e,Front Bumper,Minor,1.33,1282.05
786bc1ee-a58c-4860-a063-893d56de13cc,c20bf9ed-ef9f-4154-93bf-605f45ceb65e,Left Quarter Panel,Moderate,6.81,645.07
981802bd-248e-4d0d-aef6-a791d53aee30,c20bf9ed-ef9f-4154-93bf-605f45ceb65e,Right Quarter Panel,Minor,2.41,893.73
6a15d63c-6ef9-4ef2-1070-eb14b4ee0295,66045b53-2496-44f8-f636-5251dab96944,Rear Bumper,Moderate,7.03,331.79
1598c04a-e41c-42f9-7128-586e638d13f0,66045b53-2496-44f8-f636-5251dab96944,Hood,Severe,0.87,694.5
9970cedd-fe75-4db4-0c56-14db99ca9e06,66045b53-2496-44f8-f636-5251dab96944,Right Quarter Panel,Severe,3.62,923.94
53759d4d-bb93-427a-c21c-fb20bd67123d,66045b53-2496-44f8-f636-5251dab96944,Left Door,Moderate,6.84,672.81
16d47266-b5ae-428f-d865-68ab46a532f8,66045b53-2496-44f8-f636-5251dab96944,Right Quarter Panel,Severe,5.83,953.06
ee087bc3-4945-4f1e-17c2-42138d5ca178,b0629d85-d669-4917-523c-8e0c1a3f9aad,Tail Light Assy,Moderate,4.27,1642.68
f33e1806-a590-405a-a782-6fad8e9d02d9,b0629d85-d669-4917-523c-8e0c1a3f9aad,Front Bumper,Moderate,0.88,1687.61
68eb52af-5bc6-4d2d-aa43-2fe3c5649d1e,b0629d85-d669-4917-523c-8e0c1a3f9aad,Windshield,Severe,1.63,3709.68
e68e05dd-db01-47d8-f8a5-e09ba8c22671,b0629d85-d669-4917-523c-8e0c1a3f9aad,Hood,Moderate,1.25,2275.09
f8cb3274-0439-4d56-1b2e-1b423f15675a,b0629d85-d669-4917-523c-8e0c1a3f9aad,Windshield,Moderate,1.75,3140.78
695a31bf-e41e-40f2-f87c-494579856c4f,b0629d85-d669-4917-523c-8e0c1a3f9aad,Front Bumper,Minor,6.19,3979.53
0f682426-6a0f-4ac2-cb2a-30ce85deaad0,a6a0009d-d3c8-478e-292b-9302645ef6f8,Front Bumper,Moderate,6.62,12769.44
c7f9568b-2faa-4867-f72e-eeed275a9f24,a6a0009d-d3c8-478e-292b-9302645ef6f8,Right Quarter Panel,Moderate,5.6,8678.9
921a8ac9-50d8-43fb-9548-2485a1c2daf7,a6a0009d-d3c8-478e-292b-9302645ef6f8,Windshield,Minor,6.68,1376.84
312fd3dc-c0bc-4f0b-8428-1b519ad7e241,6e6aaebc-6afc-4cbd-9cbe-ad825de8d034,Right Quarter Panel,Moderate,3.55,1043.48
9ebb0bcb-ab45-4cbc-3c2a-7a9eb94226e9,6e6aaebc-6afc-4cbd-9cbe-ad825de8d034,Left Quarter Panel,Moderate,6.16,201.75
c4590aa7-6eb6-4ef2-1363-b02f05f7cb0a,6e6aaebc-6afc-4cbd-9cbe-ad825de8d034,Windshield,Minor,6.61,1345.11
041c6f97-cdd7-41e1-16de-a07df03dc8e1,6e6aaebc-6afc-4cbd-9cbe-ad825de8d034,Tail Light Assy,Severe,5.52,1066.96
f759e538-37a6-4fa8-4c61-6f9ae38e2074,6e6aaebc-6afc-4cbd-9cbe-ad825de8d034,Trunk Lid,Minor,5.89,382.83
1d52506f-cdbd-4cc3-25c2-9e3aa8c19ffa,6e6aaebc-6afc-4cbd-9cbe-ad825de8d034,Rear Sensor,Moderate,3.65,687.85
dc195db8-9d57-415c-fe9e-c87e935a9415,16e9ff77-d73b-4816-1000-d8afb62d5aea,Left Door,Moderate,5.44,1809.84
04534970-5c9d-46cb-6514-46eaee9e8e2e,16e9ff77-d73b-4816-1000-d8afb62d5aea,Left Quarter Panel,Minor,5.4,491.41
b0d0780e-3d39-458d-2280-0c9a46b1db88,16e9ff77-d73b-4816-1000-d8afb62d5aea,Windshield,Moderate,4.83,359.03
a24d2cd3-1875-4533-ebf9-6a97d52b02a1,16e9ff77-d73b-4816-1000-d8afb62d5aea,Right Quarter Panel,Moderate,3.26,594.09
4e62a729-5a6b-4b16-0408-6852000a4c67,16e9ff77-d73b-4816-1000-d8afb62d5aea,Left Quarter Panel,Severe,6.34,238.04
011e8a33-256b-431c-6829-f620e2267c64,16e9ff77-d73b-4816-1000-d8afb62d5aea,Hood,Moderate,4.43,801.48
249ecfb8-0c78-4050-daa1-dedcab4d60de,16e9ff77-d73b-4816-1000-d8afb62d5aea,Hood,Severe,6.7,336.31
d649f4ae-332a-47ee-ae6b-cb07d25ee9dd,14a09e46-4ce7-43f3-2597-12f5427a0f47,Trunk Lid,Moderate,7.15,720.1
47d813d7-61e3-4b5b-e557-fdc005ffdbc5,14a09e46-4ce7-43f3-2597-12f5427a0f47,Left Quarter Panel,Minor,5.12,1296.85
cc631259-4e1d-4160-512e-5cba2e0f453c,4fab6249-855a-43ae-a7ff-2487e572e5d7,Windshield,Severe,1.44,1135.89
1534f870-904b-46c1-807c-332fb25a0433,4fab6249-855a-43ae-a7ff-2487e572e5d7,Left Door,Minor,4.17,1144.45
20ce7762-edd3-4ac3-9490-47644cfbffb4,4fab6249-855a-43ae-a7ff-2487e572e5d7,Left Quarter Panel,Moderate,1.65,1860.84
087a7b48-2d1c-482e-7f4b-73d0e3e1abb9,4fab6249-855a-43ae-a7ff-2487e572e5d7,Windshield,Severe,5.53,165.4
10409ad5-4faf-49c3-9262-be4a3e081270,4fab6249-855a-43ae-a7ff-2487e572e5d7,Windshield,Severe,4.61,926.36
42f85d56-51c6-4b5d-809a-e240f8dd06b9,af6ab77b-100e-4067-e616-64797c199f9e,Left Door,Moderate,3.3,695.62
6b829a8c-8f7b-48ea-f4e7-9ce7bd5244a6,af6ab77b-100e-4067-e616-64797c199f9e,Trunk Lid,Minor,5.49,180.62
9e52b190-34f5-4b80-8de9-7d30ff2e21b8,af6ab77b-100e-4067-e616-64797c199f9e,Rear Sensor,Severe,3.08,1878.87
04089289-62f7-445d-e39f-fa9bf9aaaf67,af6ab77b-100e-4067-e616-64797c199f9e,Rear Sensor,Minor,1.16,695.01
f926f8a9-0f8a-4425-020b-c4ae593e06c5,ebee35a0-5f74-4fd7-a520-959a9bfffee8,Rear Bumper,Minor,6.1,984.49
5a27e1ef-034e-417e-83f1-d78f630f0c28,ebee35a0-5f74-4fd7-a520-959a9bfffee8,Front Bumper,Moderate,1.72,1509.47
7e766c69-8464-4dd3-5774-60ed52f30e97,ebee35a0-5f74-4fd7-a520-959a9bfffee8,Trunk Lid,Severe,1,1343.88
1f4f0e15-21e2-4e4a-aca7-eea6a9f5ee2c,ebee35a0-5f74-4fd7-a520-959a9bfffee8,Left Door,Severe,4.42,959.7
35916377-61e7-43cc-fea2-74b8b40e6069,ebee35a0-5f74-4fd7-a520-959a9bfffee8,Trunk Lid,Minor,5.94,537.23
4a7c2bb9-c4dd-4753-6db7-0643712ce4e5,ebee35a0-5f74-4fd7-a520-959a9bfffee8,Windshield,Moderate,5.9,1492.94
eeec4fb1-fcf7-4d0c-9b26-23b320e740c7,68a39dbb-ed04-42ca-8ae1-edabc8ba2c0a,Tail Light Assy,Minor,3.82,436.35
340b7e8b-0ada-4290-3696-ed8bfcd522da,68a39dbb-ed04-42ca-8ae1-edabc8ba2c0a,Rear Bumper,Moderate,5.97,335.52
44d3a3b2-f9ce-4df6-b85f-91149b5485c4,68a39dbb-ed04-42ca-8ae1-edabc8ba2c0a,Trunk Lid,Severe,0.85,1457.3
e6890504-7ca6-4664-b834-df4b46c3895e,68a39dbb-ed04-42ca-8ae1-edabc8ba2c0a,Tail Light Assy,Severe,1.46,578.08
982a2c5a-bf0f-48b1-864a-8fde430160ea,c36988cf-1c5f-40b4-69ef-8b8eae90f999,Windshield,Minor,4.52,853.21
0615ee97-38a3-4359-8dd6-e6c333384b8e,c36988cf-1c5f-40b4-69ef-8b8eae90f999,Left Quarter Panel,Moderate,5.06,896.12
372fa4c4-4b38-4bf6-5874-6a2ea44d6a3a,c36988cf-1c5f-40b4-69ef-8b8eae90f999,Tail Light Assy,Moderate,6,828.97
363a24dc-88d1-43f1-dfa7-ae2e724db180,09035d09-7e36-455a-e9e7-489de529c41e,Left Quarter Panel,Severe,6.67,345.32
fb9b8799-ad7b-4d33-99c6-f8a66887ca91,09035d09-7e36-455a-e9e7-489de529c41e,Left Quarter Panel,Minor,5.52,1177.03
beba83a7-dcb7-48fe-769b-073f2353fbe1,09035d09-7e36-455a-e9e7-489de529c41e,Rear Bumper,Moderate,4.07,224.38
e7e9458b-9e08-4536-2e7e-6df766829915,09035d09-7e36-455a-e9e7-489de529c41e,Front Bumper,Moderate,4.48,1556.02
3eb3c9c0-dbbb-4f55-9e85-56ecf18e4b58,09035d09-7e36-455a-e9e7-489de529c41e,Front Bumper,Severe,4.75,1291.5
1c3ecaab-ebd9-4ec4-353c-1aeced634c1f,09035d09-7e36-455a-e9e7-489de529c41e,Tail Light Assy,Moderate,5.66,674.4
33c3b365-5d14-46d2-16c3-0b772535c579,be9a85a5-dc46-4599-3e4c-0736fcdc69a5,Rear Sensor,Minor,2.56,6690.1
e997d851-627f-4e45-2850-318a0f5c7e2a,be9a85a5-dc46-4599-3e4c-0736fcdc69a5,Left Door,Moderate,1.99,11440.99
40bd9e1e-f5ec-41be-1ca6-1cde85e4cc3a,be9a85a5-dc46-4599-3e4c-0736fcdc69a5,Left Quarter Panel,Minor,1.75,9704.67
93dec93d-6544-4125-f162-add353a537ad,1714ce67-9869-4470-0abf-94a0951af0ad,Tail Light Assy,Moderate,7.19,468.74
7c628d60-d1fd-424f-b875-f7068185140e,1714ce67-9869-4470-0abf-94a0951af0ad,Left Door,Moderate,1.75,1788.55
5e4ff70d-e3b7-4997-f0c1-13108c5c475e,1714ce67-9869-4470-0abf-94a0951af0ad,Left Quarter Panel,Severe,3.53,1409.47
921e978b-f52f-4b31-f0fc-cb80a0edc681,1714ce67-9869-4470-0abf-94a0951af0ad,Right Quarter Panel,Minor,3.83,1500.56
a8226ec2-6c6c-4685-6f00-ce4746a7980b,d51641d2-20ee-4a80-445b-b2fad6952863,Rear Bumper,Minor,7.03,2350.76
6d7512a2-ec05-40ea-8776-5d7ea395d758,d51641d2-20ee-4a80-445b-b2fad6952863,Right Quarter Panel,Minor,7.38,2738.09
3e8ecd03-89c0-42e0-885d-3c1042411328,d51641d2-20ee-4a80-445b-b2fad6952863,Left Quarter Panel,Minor,2.34,2417.68
aab8d0ad-f38c-4056-ecb2-90f059a7af3e,d51641d2-20ee-4a80-445b-b2fad6952863,Trunk Lid,Moderate,4.12,2545.62
c0fa46d7-83cb-432f-b2df-047ec985d83d,d51641d2-20ee-4a80-445b-b2fad6952863,Trunk Lid,Minor,4.12,4878.49
3c619d28-b2d8-4c5e-8232-853fc8415c65,d51641d2-20ee-4a80-445b-b2fad6952863,Windshield,Moderate,6.62,3932.71
becd2124-0782-474f-25cc-6ede28ed2ee5,621dec69-12f2-474b-84b5-770b7751f82c,Left Quarter Panel,Severe,5.27,6260.42
73818f33-a170-4e90-5654-909abb54f6d2,621dec69-12f2-474b-84b5-770b7751f82c,Front Bumper,Moderate,7.2,9198.52
ceb57bcd-8920-488b-31fb-d432d1cf056c,621dec69-12f2-474b-84b5-770b7751f82c,Left Quarter Panel,Moderate,6.28,6870.65
44b36e96-c8a2-419f-6433-a975419aeeac,621dec69-12f2-474b-84b5-770b7751f82c,Rear Sensor,Moderate,0.63,2291.25
74218ae8-8ca5-4b1c-f0f5-05d18a5d9d6d,621dec69-12f2-474b-84b5-770b7751f82c,Left Door,Severe,7.52,1751.85
7cc87419-c084-4646-3b3e-dee7f758ce3b,5e3aead3-2aa8-4e7f-bb7a-52d2c5a3a4f9,Trunk Lid,Minor,6.44,11489.18
5769b86a-f7d9-4268-7d82-d9efb4f97dca,5e3aead3-2aa8-4e7f-bb7a-52d2c5a3a4f9,Front Bumper,Minor,6.78,5530.16
06216046-7bad-4080-7582-4a98552e69b4,5e3aead3-2aa8-4e7f-bb7a-52d2c5a3a4f9,Hood,Moderate,5.73,10023.9
ad6494c2-64f8-4a4b-a68c-625ff6f137c2,c2734e04-cf3e-4221-19fc-9abc5bc1558d,Tail Light Assy,Minor,6.09,1876.77
23d7d769-8b47-4ea0-c55b-2883924ae516,c2734e04-cf3e-4221-19fc-9abc5bc1558d,Left Door,Minor,6.24,869.37
b2d26f4b-4e93-47ce-f648-d26e9c53d28f,c2734e04-cf3e-4221-19fc-9abc5bc1558d,Rear Sensor,Minor,2.65,589.97
8aa41d49-f98f-4961-2380-8df335c022a0,c2734e04-cf3e-4221-19fc-9abc5bc1558d,Windshield,Minor,5.73,919.03
66dd5b35-1304-45b7-1b56-cf42612e59ad,c2734e04-cf3e-4221-19fc-9abc5bc1558d,Tail Light Assy,Moderate,1.73,1338.32
c1cb6dd1-bdf8-4efe-3bfe-ee74e0918289,c2734e04-cf3e-4221-19fc-9abc5bc1558d,Tail Light Assy,Severe,4.11,975.14
e337f959-48a5-468b-731e-52d3db58283b,c2734e04-cf3e-4221-19fc-9abc5bc1558d,Hood,Moderate,1.58,1144.8
7a853afa-32ce-49b9-ca2e-569bbd559793,514af388-9f0e-484f-668d-8165dae3bae8,Front Bumper,Moderate,6.02,834.04
ff3f718f-7875-45fc-8bd3-d37a7ca8a3eb,514af388-9f0e-484f-668d-8165dae3bae8,Right Quarter Panel,Minor,7.68,382.96
38030ba8-7022-4f1d-8945-8a54c468ab4e,514af388-9f0e-484f-668d-8165dae3bae8,Windshield,Severe,6.07,978.29
376b2aed-bd91-4056-d9e3-ee170070e082,514af388-9f0e-484f-668d-8165dae3bae8,Left Door,Moderate,4.38,1786.48
e6d739a9-d0c4-49ce-71d4-12dbd88de518,514af388-9f0e-484f-668d-8165dae3bae8,Hood,Moderate,3.81,288.64
2e21a7ee-cf6c-42c9-0279-2977cb5d1363,514af388-9f0e-484f-668d-8165dae3bae8,Tail Light Assy,Moderate,5.26,583.98
70189e46-1854-4d8d-5056-444aecbd8487,abe54558-cba1-4f77-2f0e-864420e5ff9b,Left Door,Moderate,5.82,1755.15
e1ba2292-993b-4d04-f4c5-ae0ea258e7b4,abe54558-cba1-4f77-2f0e-864420e5ff9b,Tail Light Assy,Severe,7.5,1062.82
ba3c4144-0649-44bd-679b-baa04b46856e,d64228f5-2e25-4244-4655-a27ef662ac6f,Rear Bumper,Minor,6.66,1517.42
c1edd13d-65b2-43ce-cf99-24089ae64ead,d64228f5-2e25-4244-4655-a27ef662ac6f,Hood,Moderate,2.64,8320.85
71d4fbab-5138-4d03-0fd4-74d4147474dd,d64228f5-2e25-4244-4655-a27ef662ac6f,Tail Light Assy,Minor,5.15,7474.43
30829313-4549-4277-b27a-53110f918db6,76576536-33de-4fb0-6021-fdfebf87e0bb,Rear Sensor,Minor,2.79,1282.72
87f55c22-f4d6-43be-9230-a359c8aa2165,76576536-33de-4fb0-6021-fdfebf87e0bb,Tail Light Assy,Severe,1.82,1566.93
3604ea3c-7ab2-4d65-a477-a33c4876210f,abe3b122-f3fa-4651-9932-17856de423a4,Left Door,Severe,5.7,764.59
6a29f8cd-da89-4bd3-b4d1-67183f9caa4c,abe3b122-f3fa-4651-9932-17856de423a4,Left Door,Moderate,1.02,744.15
ce87794a-af4b-4e31-86b1-4d4e83cb607b,abe3b122-f3fa-4651-9932-17856de423a4,Hood,Severe,7.05,1704.27
c51179ea-98b2-4de6-61de-9a0489d56ca4,abe3b122-f3fa-4651-9932-17856de423a4,Tail Light Assy,Moderate,3.82,1456.21
6e044c72-24cb-4d9c-f07e-53bbd531bc6a,abe3b122-f3fa-4651-9932-17856de423a4,Hood,Minor,3.49,1196.81
6071d1f4-7df2-4a94-999f-48c246e1674c,abe3b122-f3fa-4651-9932-17856de423a4,Windshield,Severe,1.04,1572.41
788ee4a5-4f77-436d-69a3-d1bcac1d7153,abe3b122-f3fa-4651-9932-17856de423a4,Rear Bumper,Moderate,6.43,1110.51
522bc1f8-9004-462b-9561-876f02e55cd0,973c9a3c-222c-450d-9cd7-dbcfa2a1580e,Hood,Severe,4.87,1544.79
3caf42c6-8dfc-46bf-ab20-8f21a881fd46,973c9a3c-222c-450d-9cd7-dbcfa2a1580e,Left Quarter Panel,Minor,4.93,1431.04
35b4bfb4-651d-4bf4-e895-55bf0ac27a11,973c9a3c-222c-450d-9cd7-dbcfa2a1580e,Front Bumper,Minor,3.92,1633.51
5329c862-e631-46b4-8b0f-aee030b22d66,973c9a3c-222c-450d-9cd7-dbcfa2a1580e,Front Bumper,Moderate,2.73,682.95
56e35252-98cd-48df-9a72-df6646c17f49,973c9a3c-222c-450d-9cd7-dbcfa2a1580e,Tail Light Assy,Moderate,4.58,1500.31
44ae17fa-5ae0-42ed-592e-65d59685d440,973c9a3c-222c-450d-9cd7-dbcfa2a1580e,Left Quarter Panel,Severe,0.62,1889.4
47e8cd09-5722-4e24-76a8-0172adfb7756,973c9a3c-222c-450d-9cd7-dbcfa2a1580e,Rear Sensor,Severe,3.59,1755.53
4c91abe2-8646-4443-1df0-04ac20681a7e,695273bf-5656-4020-fe15-f583ac2a0c70,Trunk Lid,Moderate,2,877.71
818ea511-3a71-46e3-bdf2-261777322a68,695273bf-5656-4020-fe15-f583ac2a0c70,Trunk Lid,Moderate,4.6,820.85
e53c3f97-e748-4f76-e409-9927d1232225,c8a0e03a-811f-4ed2-0427-75e1593f3e11,Trunk Lid,Severe,7.56,1497.07
8cd81cc3-27dd-4190-f3b5-73344c90a0f0,c8a0e03a-811f-4ed2-0427-75e1593f3e11,Left Quarter Panel,Moderate,3.05,1807.8
b17c95f7-bff1-485c-cf5d-bd0bc76670a1,c8a0e03a-811f-4ed2-0427-75e1593f3e11,Right Quarter Panel,Moderate,2.92,1386.31
44c6de94-a7db-46c9-7dfe-82281e311d11,c8a0e03a-811f-4ed2-0427-75e1593f3e11,Tail Light Assy,Minor,1.45,1065.18
91520c6c-830d-452b-fc3f-bd3d1bb3836d,c8a0e03a-811f-4ed2-0427-75e1593f3e11,Rear Sensor,Severe,5.08,639.73
d021b037-2395-4e58-2eaa-31e4301e56fc,c8a0e03a-811f-4ed2-0427-75e1593f3e11,Windshield,Minor,2.48,852.98
e138f4fb-178c-4711-e16b-e2bfaf64e496,97d641ca-b1d6-4b67-7a8c-a8e454c86891,Left Quarter Panel,Minor,3.15,793.3
4d641fcc-3abd-4ea9-774d-e9d997aa2aa2,97d641ca-b1d6-4b67-7a8c-a8e454c86891,Windshield,Minor,2.13,675.97
282e04a2-d7fe-4af2-6012-fbc2a1cd8e0a,97d641ca-b1d6-4b67-7a8c-a8e454c86891,Windshield,Minor,6.35,1100.78
773e2b81-364d-424a-7acc-d3c7f787c778,97d641ca-b1d6-4b67-7a8c-a8e454c86891,Left Quarter Panel,Minor,7.23,1733.52
aab2d492-18b0-4ca5-7d91-930b0c576c5e,97d641ca-b1d6-4b67-7a8c-a8e454c86891,Right Quarter Panel,Moderate,0.56,656.73
1827e0c6-e09b-477f-0a1e-728887793791,97d641ca-b1d6-4b67-7a8c-a8e454c86891,Rear Bumper,Moderate,7.88,1113.63
c33e4a38-19c5-45b8-ce06-7967c4c8a64c,a22863d3-5485-41cb-fb0d-46856fd3fc44,Tail Light Assy,Severe,5.45,6697.02
de600476-d467-40eb-1abe-66eb162f2291,a22863d3-5485-41cb-fb0d-46856fd3fc44,Right Quarter Panel,Moderate,5.73,9733.21
43e51404-f129-4e3b-9dfe-416323add7ae,f01ba748-1223-48b0-e010-27d902b504c7,Left Door,Severe,3.21,525.26
19c77bb5-fdca-40a9-7a8c-f1d24a9149f6,f01ba748-1223-48b0-e010-27d902b504c7,Left Quarter Panel,Severe,7.82,892.03
61b90f81-8426-428c-a885-dd8f50d4d7de,f01ba748-1223-48b0-e010-27d902b504c7,Left Quarter Panel,Minor,5.55,922.55
f5d3214c-cc85-4fe9-0ca4-7a856070ed00,f01ba748-1223-48b0-e010-27d902b504c7,Tail Light Assy,Moderate,4.54,1487.08
b094bfbe-586b-4f0a-ea46-5d0c24ab5f2d,f01ba748-1223-48b0-e010-27d902b504c7,Tail Light Assy,Moderate,4.44,1062.15
42fb00e6-3dba-4040-b98c-1f0282856b77,f01ba748-1223-48b0-e010-27d902b504c7,Tail Light Assy,Moderate,1.98,1199.47
768d16ad-4559-4662-eeec-88ff0c0bf7f6,f01ba748-1223-48b0-e010-27d902b504c7,Right Quarter Panel,Minor,6.87,757
7d3e2bdc-7d17-4e63-0ee9-ed6dca03f00b,9f6b7373-3d31-4c3c-17f5-ca50a347fd44,Left Quarter Panel,Minor,0.83,908.23
57f69011-f36f-4456-8b88-6ce7364dacd1,9f6b7373-3d31-4c3c-17f5-ca50a347fd44,Rear Sensor,Minor,1.53,585.11
3b5c2ad9-cc2b-4f19-ced8-f145b2d98292,9f6b7373-3d31-4c3c-17f5-ca50a347fd44,Tail Light Assy,Minor,2.28,169.69
2c4de770-7096-44b6-8c5a-740c06555dac,e6980db3-bcb5-4246-57a7-c3e198434467,Left Quarter Panel,Severe,4.99,1870.12
63d09e4b-62f3-4e8b-75a6-9d17193b59da,e6980db3-bcb5-4246-57a7-c3e198434467,Left Door,Moderate,4.48,211.13
c18fb859-c788-4f2c-ec59-cfee41fa3cab,fae2f71c-9e87-4281-039d-e03d2873e4e5,Left Quarter Panel,Minor,0.83,551.66
4737a5a1-e861-47e5-b767-7eb4be9c6bee,fae2f71c-9e87-4281-039d-e03d2873e4e5,Trunk Lid,Minor,3.43,1069.46
b9aec8ea-3bb3-4f75-f73d-49d13c040941,fae2f71c-9e87-4281-039d-e03d2873e4e5,Left Quarter Panel,Moderate,0.89,163.67
0a5a3a34-c8de-4f28-8ea5-f686153af9ae,fae2f71c-9e87-4281-039d-e03d2873e4e5,Windshield,Moderate,4.96,1114.05
6107be02-1ba4-49c9-5662-9b148117f458,d5df078e-46da-40ad-b0d3-ae61ba29c431,Left Door,Moderate,6.19,599.54
ceb9f846-4385-436f-0972-61c9b16c482b,d5df078e-46da-40ad-b0d3-ae61ba29c431,Front Bumper,Moderate,4.11,1750.56
40cc9d81-6b4f-4e88-ab68-902eb479df57,d5df078e-46da-40ad-b0d3-ae61ba29c431,Front Bumper,Minor,7.19,151.11
fd23b1d7-cbde-44e4-67ee-945241d60ff3,f8608825-90c7-4fdb-1415-8fa8e2438f0a,Hood,Severe,5.68,3999.95
434d81fd-4d89-4ea1-c737-a23be82a67b7,f8608825-90c7-4fdb-1415-8fa8e2438f0a,Windshield,Severe,1.38,1463.68
371591cb-8470-47d4-c168-a1bec732f542,f8608825-90c7-4fdb-1415-8fa8e2438f0a,Right Quarter Panel,Minor,7.18,7433.56
a481f72c-cf2a-4c76-7a3f-4edbbc1df517,f8608825-90c7-4fdb-1415-8fa8e2438f0a,Left Door,Minor,5.16,906.6
b34604e5-cdee-4bc5-e00a-c5b0f363bc56,f8608825-90c7-4fdb-1415-8fa8e2438f0a,Rear Bumper,Moderate,2.96,8170.68
9ede41e0-4a7e-4fb4-e868-db24b7e47258,f8608825-90c7-4fdb-1415-8fa8e2438f0a,Left Door,Severe,2.14,6871.48
1d6a1874-0c8c-4f51-0c23-be6d8000f738,29ec0c01-29ca-458d-eaed-6ebe501a27c8,Windshield,Severe,4.93,1548.87
cea221f1-1e05-40bb-eecd-701abc1b00b8,29ec0c01-29ca-458d-eaed-6ebe501a27c8,Tail Light Assy,Minor,4.58,1473.92
6c61b271-882f-418a-c223-bd319149121b,29ec0c01-29ca-458d-eaed-6ebe501a27c8,Front Bumper,Severe,6.3,1589.63
3297d33b-5483-4303-d40e-6f2709aba289,e64a2e2a-29af-4c1c-6484-55973db4f65a,Front Bumper,Severe,7.08,903.45
d3d3f5f4-8fe6-4688-a398-0825b54e9216,e64a2e2a-29af-4c1c-6484-55973db4f65a,Windshield,Minor,2.25,1245.75
114e699f-ca10-4679-54ba-07d4a53850e0,e64a2e2a-29af-4c1c-6484-55973db4f65a,Rear Sensor,Severe,4.24,431.49
559bf886-9cff-4b3a-8300-2b3c3aba57c3,e64a2e2a-29af-4c1c-6484-55973db4f65a,Trunk Lid,Minor,4.61,928.71
ffd12b8c-48c2-40b3-2967-e8198af355e7,e64a2e2a-29af-4c1c-6484-55973db4f65a,Windshield,Severe,7.42,1753.99
28a3212f-3459-438e-72bd-03aa02dfa5ed,037f98b2-5b2b-4065-39cf-56123de95d94,Right Quarter Panel,Moderate,5.25,1661.93
86cfb396-da66-4988-cd2a-930fff9190ee,037f98b2-5b2b-4065-39cf-56123de95d94,Left Quarter Panel,Minor,1.97,1284.69
765e912f-a86c-4711-8d8f-b461edf26a80,037f98b2-5b2b-4065-39cf-56123de95d94,Right Quarter Panel,Moderate,7.04,1886.5
e25718f8-45e4-4b70-f965-3d938514ad8e,037f98b2-5b2b-4065-39cf-56123de95d94,Left Door,Minor,3.98,1351.88
33e827c5-c728-48ef-be3c-47a77881dd39,037f98b2-5b2b-4065-39cf-56123de95d94,Left Door,Severe,0.87,1449.95
3f231974-6e74-4dab-b7c3-ffd178c527ee,d57f9b3a-9638-456e-4b13-7b69056cb8ed,Right Quarter Panel,Severe,3.14,1227.38
2e575979-c4e6-48e1-2e46-9162ef9edb36,d57f9b3a-9638-456e-4b13-7b69056cb8ed,Front Bumper,Moderate,4.27,1189.01
489ce5e4-6462-4fd9-6019-0d9388919819,d57f9b3a-9638-456e-4b13-7b69056cb8ed,Tail Light Assy,Minor,4.4,320.47
f23c10a9-3674-4407-7888-c8b4f8d89589,d57f9b3a-9638-456e-4b13-7b69056cb8ed,Right Quarter Panel,Moderate,4.73,698.41
dcbe3756-cc17-4b17-7344-5f61883ca0dc,d57f9b3a-9638-456e-4b13-7b69056cb8ed,Hood,Severe,3.57,458.67
63837e0d-6251-4760-3ec1-58e74c134c2b,d57f9b3a-9638-456e-4b13-7b69056cb8ed,Hood,Moderate,7.4,1672.87
fc0d8afe-ace2-478e-29dc-8aa36d3478bd,d57f9b3a-9638-456e-4b13-7b69056cb8ed,Trunk Lid,Severe,6.42,1630.75
7437c68f-d7f7-4818-4b94-f22bee26df95,17594ccb-1643-4a6d-7e26-048353b88484,Right Quarter Panel,Moderate,0.8,1730.15
9740f863-3b09-40f3-f6e7-e52637525fb0,17594ccb-1643-4a6d-7e26-048353b88484,Rear Sensor,Minor,1.42,1856.31
16c38bea-759e-4c1e-6e0c-9a3e7a78fd75,17594ccb-1643-4a6d-7e26-048353b88484,Front Bumper,Minor,1.91,315.29
f8675c3f-2e29-4612-566a-cfb15d19e06a,17594ccb-1643-4a6d-7e26-048353b88484,Tail Light Assy,Severe,2.9,817.95
24c76140-cdfc-4d75-addf-d4535cc15367,17594ccb-1643-4a6d-7e26-048353b88484,Tail Light Assy,Severe,6.62,1824.26
f5f08c9c-3097-4035-542e-5d66d6a78f5a,75fb702d-ded2-4b40-7a06-2a266c6413e0,Rear Bumper,Severe,1.46,852.11
24f0462f-af13-45f9-fd45-bd4f63acd674,75fb702d-ded2-4b40-7a06-2a266c6413e0,Rear Bumper,Severe,4.79,1314.39
1676a485-b10f-4ca1-380b-056342eb23b0,ec62a924-0a35-4118-38ca-f1f7c9ed7be5,Front Bumper,Severe,7,1550.37
b77f377f-a27c-471e-0c08-9901d86ed98b,ec62a924-0a35-4118-38ca-f1f7c9ed7be5,Rear Sensor,Severe,5.67,578.41
a75b3883-32cf-4f1a-7c5c-a71965db3c63,ec62a924-0a35-4118-38ca-f1f7c9ed7be5,Right Quarter Panel,Moderate,6.84,371.95
3bdc54cd-6055-4b4d-95ef-9c804710d026,ea22215b-7212-4d2e-4fc9-9cedf1bb3900,Left Door,Minor,6.06,1846.73
8e6c63f5-e855-479c-307b-5a10cb74b886,ea22215b-7212-4d2e-4fc9-9cedf1bb3900,Left Quarter Panel,Minor,6.56,1040.88
3b4bc95b-3269-432d-2e6d-300ac2382770,ea22215b-7212-4d2e-4fc9-9cedf1bb3900,Left Quarter Panel,Severe,2.11,988.05
a415fef9-f24c-402d-958f-3294fef2f64b,ea22215b-7212-4d2e-4fc9-9cedf1bb3900,Tail Light Assy,Severe,4.14,931.42
4391f470-91d9-48be-4ac9-9b590534da53,ea22215b-7212-4d2e-4fc9-9cedf1bb3900,Rear Bumper,Severe,2.69,184.1
1cdf96d4-dfae-4ada-0d48-b47952246c03,6709ef1c-e10e-4d27-e73b-68421e916568,Tail Light Assy,Severe,6.29,426.2
61d9c66f-ad0b-4fc2-9d83-739f2f5b06c9,6709ef1c-e10e-4d27-e73b-68421e916568,Trunk Lid,Moderate,0.51,316.42
857ddba2-6839-442c-555a-93dc8a4afec0,6709ef1c-e10e-4d27-e73b-68421e916568,Rear Sensor,Minor,0.96,246.37
5f301979-0197-42a6-ea51-cf470ac2fc28,6709ef1c-e10e-4d27-e73b-68421e916568,Windshield,Severe,5.46,1337.14
c692d6c5-8cb2-421c-f0b9-dc5df5cedc21,6709ef1c-e10e-4d27-e73b-68421e916568,Front Bumper,Minor,2.51,1207.87
95dfdb1e-6622-43ee-2ba0-acd143b7453b,6709ef1c-e10e-4d27-e73b-68421e916568,Right Quarter Panel,Severe,6.59,849.3
92186ff3-5038-46b6-b200-955f1f244f2a,6709ef1c-e10e-4d27-e73b-68421e916568,Left Door,Moderate,3.85,1520.02
9f754641-5e5d-4ed6-233e-4d3287b8ae0d,4f27a773-ba53-4ed6-1284-7b36074a4814,Rear Sensor,Minor,0.77,500.28
dbf97979-8db1-437d-4cf8-e7bbbd091ee6,4f27a773-ba53-4ed6-1284-7b36074a4814,Windshield,Moderate,5.63,1329.95
aa262e33-6b46-4c8c-b49e-5b0443ef49be,4f27a773-ba53-4ed6-1284-7b36074a4814,Right Quarter Panel,Severe,7.29,500.41
4e22f067-a5d9-4405-2c1d-2317ea9502b8,4f27a773-ba53-4ed6-1284-7b36074a4814,Rear Bumper,Minor,4.84,789.22
9d11ceab-73dd-4a0e-e84d-76c8a5fd8320,4f27a773-ba53-4ed6-1284-7b36074a4814,Windshield,Severe,4.3,1672.68
8b657608-8005-4bbd-4542-bf34d86ece62,e21f0e61-d96d-4145-558e-55da6fd8be1a,Left Door,Minor,5.47,1207.78
8932bf90-004b-4753-5acf-370bac9930ef,e21f0e61-d96d-4145-558e-55da6fd8be1a,Left Door,Minor,4.69,1885.74
26ff885a-e5b4-4a5b-55f0-5bc2703f9feb,e21f0e61-d96d-4145-558e-55da6fd8be1a,Tail Light Assy,Minor,6.7,1718.58
bb54c4b2-95fe-4264-a16c-cad30510a54a,60957a11-b013-4d4e-b2a2-3d53504f7ba0,Rear Sensor,Minor,4.35,865.99
b824ec8d-41eb-46a9-1596-97c10444627f,60957a11-b013-4d4e-b2a2-3d53504f7ba0,Rear Sensor,Moderate,7.06,1636.85
3ddb587e-801a-4fb1-6d61-3f6274930c51,60957a11-b013-4d4e-b2a2-3d53504f7ba0,Rear Sensor,Moderate,6.67,1092.05
17a71aac-1a05-43e1-8e12-74d52470dac6,60957a11-b013-4d4e-b2a2-3d53504f7ba0,Rear Sensor,Minor,2.51,170.05
6f471b3c-9cee-422d-fd08-2468c601295c,60957a11-b013-4d4e-b2a2-3d53504f7ba0,Rear Bumper,Minor,4.3,1639.8
bb57ae4e-a19b-4cfd-a480-059a589d2a97,60957a11-b013-4d4e-b2a2-3d53504f7ba0,Rear Bumper,Minor,2.47,1055.07
9e570575-1f3c-401b-010e-f24827b8a78c,18975a77-9b47-45ae-3c19-f9072892d4c5,Rear Bumper,Moderate,1.37,1664.18
2cdb2c01-e289-4f76-c6b4-4b206080a8ff,18975a77-9b47-45ae-3c19-f9072892d4c5,Hood,Minor,5.48,1376.44
0e98f38e-8fa4-4f9b-4c6b-da1ea4505720,18975a77-9b47-45ae-3c19-f9072892d4c5,Rear Bumper,Minor,2.29,301.26
efe89e48-21ad-4370-3e09-683678fa5e26,18975a77-9b47-45ae-3c19-f9072892d4c5,Hood,Moderate,6.39,996.99
20d3c518-333b-47e6-bcc2-f8bff01606f8,889a7fac-5c0d-4954-564a-b417ee21578f,Rear Sensor,Severe,4.14,1156.86
cb3dab1a-9df1-4903-7fbc-7b44edc4f0cd,889a7fac-5c0d-4954-564a-b417ee21578f,Windshield,Severe,3.66,871.05
840b8fd1-2e98-4f1a-0dd0-75d66d9df8bd,889a7fac-5c0d-4954-564a-b417ee21578f,Left Door,Severe,7.88,1245.89
f7e8a917-d4a5-46bc-56ef-d7680eac50fa,889a7fac-5c0d-4954-564a-b417ee21578f,Left Door,Severe,6.24,296.18
8e031776-f070-4c7f-5487-17a6a7d8c906,889a7fac-5c0d-4954-564a-b417ee21578f,Windshield,Moderate,6.23,569.92
17dadd46-02bd-4014-4932-644c9416d3d6,889a7fac-5c0d-4954-564a-b417ee21578f,Left Quarter Panel,Severe,1.66,767.97
5a61176e-de57-48f2-644b-231384e850ce,7be91246-61e1-4070-6f64-1fd51e10ac8a,Rear Bumper,Minor,6.9,6547.32
bc15c0c2-1bf1-4b64-ec77-c87d6ee6832a,7be91246-61e1-4070-6f64-1fd51e10ac8a,Rear Bumper,Minor,0.73,3877.04
a12a3fb5-df71-4c84-6a34-133619ca84fe,7f26a15c-d056-4da1-7bd4-6d541a925985,Front Bumper,Moderate,2.64,1676.33
31de1a55-7712-4e7c-20f3-937d884cbb7a,7f26a15c-d056-4da1-7bd4-6d541a925985,Hood,Severe,2.07,1605.22
41c75ca7-125d-4cf3-dc36-67dea3d3992c,8e082def-c87c-4160-3298-78e6b740a95d,Left Door,Moderate,3.67,454.38
505d9bef-217b-45c2-bee0-411c8bbc8712,8e082def-c87c-4160-3298-78e6b740a95d,Hood,Severe,4.82,387.99
01c5e6fc-82eb-42fd-0049-37bbfb493add,8e082def-c87c-4160-3298-78e6b740a95d,Front Bumper,Severe,5.51,1249.39
3ed584f3-d240-47ea-767f-670c2dfb6718,8e082def-c87c-4160-3298-78e6b740a95d,Left Door,Moderate,0.56,1885.06
68c7ad9b-b6eb-4444-4be5-adfe4aa86812,8e082def-c87c-4160-3298-78e6b740a95d,Front Bumper,Moderate,3.76,1493.48
807b4513-ab2b-4d5f-1ccb-e5abbbe62d3b,8e082def-c87c-4160-3298-78e6b740a95d,Trunk Lid,Moderate,2.24,897.04
35c85342-4c98-4286-867a-0412deaef144,8e082def-c87c-4160-3298-78e6b740a95d,Hood,Moderate,0.75,609.03