document_id,claim_number,doc_type
e74c5cb7-e8cb-4152-6365-1a20f70e5549,CA-2026-1000003,police-report
e87aa551-4caa-4e59-2ba2-3e02462c053c,CA-2026-1000005,police-report
034982de-7ea2-4ee0-37d8-68d76ba875c3,CA-2026-1000006,police-report
e33285a5-95bb-4c09-a67b-e53b671d98f7,CA-2026-1000017,police-report
8e9ffb9b-b0a1-4f69-b7ee-1b66889784a4,CA-2026-1000018,police-report
0811d0de-29b7-4757-ecc2-08cc6a329b67,CA-2026-1000021,police-report
3c54ef97-c3fb-4ebd-364a-d33640d64dcd,CA-2026-1000022,police-report
b73a8ca6-dac0-4ca8-8d01-92b71f73b060,CA-2026-1000029,police-report
32a4992b-3c79-43b1-780d-f66219f6daca,CA-2026-1000030,police-report
399650dd-ab01-47bf-decd-cb3a0e45e471,CA-2026-1000032,police-report
bd44e928-cd35-4c05-1b32-aa70d4a8b37b,CA-2026-1000033,police-report
cc908f7c-0258-4298-32e3-13d7ee935ab4,CA-2026-1000034,police-report
d84ade65-71bd-4c37-0dcb-5141cbe7312f,CA-2026-1000036,police-report
8921dd6b-e7f3-44d4-36f2-ec4a345792e7,CA-2026-1000040,police-report
c4547309-a498-47a0-ff42-4aadedfc84f1,CA-2026-1000048,police-report
59758705-7300-4059-5614-df2f4a3f4630,CA-2026-1000050,police-report
8b88998f-992c-483d-16c1-fca7e8b6407e,CA-2026-1000052,police-report
110e40ce-8d6b-4929-d825-82f4db57af7d,CA-2026-1000053,police-report
2fe36de3-50f3-4050-f0e4-46ed8aff77d4,CA-2026-1000054,police-report
f766d03e-a687-44fa-ef4a-3ec1ad04c282,CA-2026-1000055,police-report
1dc34055-a16a-4278-cd64-916c4557d810,CA-2026-1000056,police-report
7d068ce8-88da-4bea-1e2f-dab906c05c64,CA-2026-1000063,police-report
869f6c66-5ef8-45e0-3e9b-89b5f72410b5,CA-2026-1000064,police-report
20d02909-2117-427b-34b7-4d82f1b3bfb9,CA-2026-1000065,police-report
09152da4-799a-4b82-16a4-f1e40840c5cf,CA-2026-1000073,police-report
e8905656-f527-4281-0c7d-29c79244cc64,CA-2026-1000078,police-report
b2b699c0-4069-476f-938e-a84888fefc51,CA-2026-1000080,police-report
a0b0a08f-33de-4f4e-ca84-f8fb096c25da,CA-2026-1000082,police-report
b1bf019e-9875-4c11-25df-9c0de9f63779,CA-2026-1000083,police-report
597f9333-f63d-4b3b-a041-abc70566a576,CA-2026-1000084,police-report
3dc94a3c-e4a5-4c8c-80e4-eecdc8b05fd8,CA-2026-1000086,police-report
fe8bafff-0706-4cb9-b5ff-7b0e1de53cd4,CA-2026-1000090,police-report
0d767f1e-3b10-4278-f8e6-3c71da23063b,CA-2026-1000091,police-report
25ac7258-d7d7-40d9-ae39-eff433d939ae,CA-2026-1000095,police-report
9390ecee-8869-45b4-69aa-32188c614e4c,CA-2026-1000097,police-report