loss_event_id,person_id,role
0076c80d-2b56-40a8-875c-9be3823bad4a,20a3e4cd-d3d1-46c3-e887-1beb85a165ce,Claimant
f69ae056-5b46-46d0-0284-6a1f2988a008,3a4de816-47e7-47eb-a685-95fc5e4a8557,Claimant
bfb8f71d-9c26-48db-b267-786dfd7595df,a0775ef2-8c41-45be-7e9a-29bf23f46860,Claimant
53b6bf5f-9d63-452b-da9a-c4a8799f7598,7c472bea-46b5-4939-1075-72a6078112ad,Claimant
0f650d65-84ac-437d-1cbe-bb42b53bc9d9,2fb319e6-68a7-4f61-4de3-f11a9ed6e49a,Claimant
e933e2f8-6f4f-41c3-cec4-4e5ea46980e6,f467a414-299c-42d0-3b54-cdf4969b3c9e,Claimant
bb74a30d-1c99-4462-59ee-a9efb2802e5f,2d1def22-9438-4e09-1895-89f40223acb3,Claimant
e89b2e79-7f6f-4aa6-a2da-e1d11cf09ecc,79d58a38-3ce7-48c8-47d2-fbf871c3f13b,Claimant
35e792ef-1aa3-4be9-7a68-817749913613,7a9da7b9-bff1-4173-c56a-6b092e61c30e,Claimant
0a695a52-4954-4993-8208-cec0363e1973,41eadef5-2f1a-4690-25d8-b2e03663866b,Claimant
caf912d5-001d-432f-5e22-00defeabf9a0,56cd6ac4-7dff-4be2-1c05-e48962b0b864,Claimant
194002e4-df72-4f62-d851-7fe86acfab1b,69fe6d37-e5b3-447d-b55e-b13ca0e26e30,Claimant
a33bc360-438d-42fd-fd5b-8db456e9e3c3,2fb319e6-68a7-4f61-4de3-f11a9ed6e49a,Claimant
f258d1b1-7775-4c9e-f0b2-aff3a0bedb69,ee56860d-1045-478d-8e09-2e0de99e7a0e,Claimant
81e1e61e-696b-4a61-4383-063a2347d953,ccdd2470-95ac-4c9e-3f46-25fbe137cc5f,Claimant
f70efde1-982f-4c9e-5036-7a9459ab51f4,91687eb7-41a5-4bad-1a17-4c8d85cfca36,Claimant
9a6fa9ae-293e-489b-df1f-946e20b16e23,eb7dbdd0-d7f7-4851-6b67-63b0be19b6e5,Claimant
f2bf152e-f8b7-46dd-83d8-f26b99c79b3e,96f93542-3ead-40b4-c857-7210347a12d2,Claimant
d5366b54-0ab8-4898-0878-935378321a43,87f92835-814e-4e4d-fb92-4841089f9681,Claimant
23bf78af-e819-489b-f8c9-af1a806bd5c2,3f5eccbc-1e42-49fb-ff00-3f6f27c75988,Claimant
b3a8c764-0406-4366-6199-5ff3197eaa79,3a4de816-47e7-47eb-a685-95fc5e4a8557,Claimant
3262db17-0614-4f89-4420-a536a8ddc4e1,16cdf939-c39e-4de2-953d-c7d9c939193b,Claimant
02fec096-f1ef-469a-7e98-f5f1721b009d,ccdd2470-95ac-4c9e-3f46-25fbe137cc5f,Claimant
1b0cf83d-6211-49d6-78df-82973e0b1aad,050d01f5-27a3-4dcb-522c-f5283125f4a0,Claimant
52fa9ac6-3d65-49d2-5483-7154fc7a955b,c6501573-6774-4577-598b-66e28a3c2d51,Claimant
d393aa14-0e8d-48dc-8484-8860b4dd9b7f,7a9da7b9-bff1-4173-c56a-6b092e61c30e,Claimant
f9ebd4cc-33c6-4ef9-7ad6-509ed6bba17b,7c472bea-46b5-4939-1075-72a6078112ad,Claimant
e0105a12-46b5-40f6-ba2f-cf2bd3a60d8f,5cc89487-212b-48e1-2278-a316c56a4bb7,Claimant
d8ce52e9-fba8-4bc4-e0e7-ae3565a35fea,c4eaaf57-1985-4f7f-2cb7-2dc1db7fc5a7,Claimant
7a30620d-f561-4a39-6d73-3c6fffc32da8,20a3e4cd-d3d1-46c3-e887-1beb85a165ce,Claimant
e0f46f4f-6b62-4476-cd9f-7ab2db5d0c64,20a3e4cd-d3d1-46c3-e887-1beb85a165ce,Claimant
e6df7e48-0739-4c7d-777f-c684f508abc8,88953a47-2487-4a87-d7e9-600aebf539cb,Claimant
81965b7d-8900-4abc-1c15-3276d6968a8c,b743d060-9523-4e55-ddfa-7f0e3c57a23f,Claimant
16a9926c-edb7-4600-3135-a782c19e2537,a0775ef2-8c41-45be-7e9a-29bf23f46860,Claimant
5041f16a-4478-4b0c-0379-816b91f04b11,69fe6d37-e5b3-447d-b55e-b13ca0e26e30,Claimant
7ceb5ed5-54af-4862-f979-82eb0e1fadab,3e15ce33-fb85-4083-0a25-4bcf1fa67fa5,Claimant
942c6ffc-606a-47ee-3abd-793a92cbb0e2,8887c111-fb9c-43bc-a3f7-af224cb1554b,Claimant
9283a5a0-b735-4995-2734-b132c92b05ee,1344edd3-e06c-4998-353e-83ef86142bff,Claimant
a7ff36af-0b6e-4e31-66f9-c3bec95c6b4c,85468efe-416f-448b-7f95-a66d4cfb61ed,Claimant
e4cd7cb5-efb7-4a30-a590-a81aaf869d6d,cdf98f41-9c85-4352-1d99-36a483eed654,Claimant
e05bdb4f-b438-4d9e-afc9-33d2963c78d7,bc3861c4-3621-4683-adae-2012ebf9b45e,Claimant
fee22669-a87e-48be-5871-443b51f97b2a,7922f2cb-244e-4a44-37da-d28fab0bbb7f,Claimant
08fa6382-4378-4e0b-a2ab-203717e88722,ff86c0c6-1cf5-42f0-fb5b-d8057985ecd7,Claimant
839d0d0c-db6a-48a7-9030-d964d76df802,8da9933f-d0df-475b-3dad-566d3ff17345,Claimant
d41f6bc4-c4cd-413b-ac59-11a00ab7988f,7c472bea-46b5-4939-1075-72a6078112ad,Claimant
b7ed103c-e76a-4f2a-13bf-fbe5e511d653,56cd6ac4-7dff-4be2-1c05-e48962b0b864,Claimant
57a892e1-f52c-4d47-2ed9-0433ee5821a6,b9aeb31d-3aef-434f-1962-2568a6513c4d,Claimant
4522b298-75eb-4192-691a-a037771c3971,c6501573-6774-4577-598b-66e28a3c2d51,Claimant
c374fe06-797b-451d-cd21-d06bd92eca42,7fe5d937-8787-47cb-6162-06a5fe2bd22e,Claimant
590f100e-4c12-446b-62cc-6a1900b6cff2,d9705dc9-bff4-4eb1-3f46-a1bb76f73a4f,Claimant
4afb7053-c95a-4d66-d7bc-61e34e107659,7fe5d937-8787-47cb-6162-06a5fe2bd22e,Claimant
62a053f6-7e59-4071-8019-6c2b29f26be5,39cb8dc6-7c74-47ce-79ec-8d72d239a42b,Claimant
f7a1bbc6-1421-491d-8618-e640c3fe9c74,f7c78a62-5748-47b9-7724-937a5dfeb400,Claimant
ab037918-0549-4ada-f8e3-dc907df748af,d4e6be1f-005b-45ef-95af-70559d2005ae,Claimant
8182af28-5ed9-4794-8add-0c65f3d9898c,b743d060-9523-4e55-ddfa-7f0e3c57a23f,Claimant
cb8aa769-460e-46ea-4554-f7dd5b93250c,7fe5d937-8787-47cb-6162-06a5fe2bd22e,Claimant
eb2e5564-6919-475f-b366-c7d63220ec0d,5148ae27-25ac-4d1c-5eaf-473b8c740d22,Claimant
d8b0f7f2-ae79-4322-2aed-fe160833fc92,b9aeb31d-3aef-434f-1962-2568a6513c4d,Claimant
63ab0f9d-e932-47aa-b032-61604cb1a31d,89291870-b954-4c26-af17-4f62d3ac4233,Claimant
78a53842-995f-4f38-eedb-56803a47783b,aac062a1-febc-44aa-732e-009c58da3c3b,Claimant
04313334-d636-4acf-fcf7-69296ca36ae0,69fe6d37-e5b3-447d-b55e-b13ca0e26e30,Claimant
b525ba85-21aa-4ed3-90df-37acf72ba15b,6ca75355-2145-4fd9-331c-c1497fc2c914,Claimant
d825723e-c5d8-46e3-e71e-4a2adc38b8f4,9ec41ebe-5cc5-407d-4b9e-7c6235a96c6a,Claimant
ce999db9-97f3-41e2-65ce-24731981a79d,f0987c5e-0b74-4e97-6577-a526f2d40c56,Claimant
cc2bbe78-10b7-424f-c7e4-f6c6252152a0,8df4c56e-26eb-44ed-9714-935e37b01972,Claimant
bd89226a-6daa-4553-2cb3-32c933af0ee9,7c472bea-46b5-4939-1075-72a6078112ad,Claimant
4913c9b2-87d5-44ce-b951-d47c10a981b0,36bfc2ec-779e-4651-d473-551f52ce07c7,Claimant
51f9c8f1-f516-40aa-8191-d3e1b62fd92f,85468efe-416f-448b-7f95-a66d4cfb61ed,Claimant
4db0e521-78e2-4ad3-152a-67e12597de68,20201d3c-85f8-4c93-2819-8718fb8ec2d5,Claimant
e4b844dc-0840-4291-6ed1-4e070bee3669,80d9f6ba-a939-4a3d-d641-f488a877a0f8,Claimant
a505a22e-9392-42f8-cc84-bbc0bb0e486b,9ec41ebe-5cc5-407d-4b9e-7c6235a96c6a,Claimant
5a65df7a-a0bc-4f8b-8c54-60e54124680f,7a9da7b9-bff1-4173-c56a-6b092e61c30e,Claimant
3a36ba3c-ec28-41b2-39dc-3dabd3dc062c,71bee48e-47a6-44f9-fa13-b75fff891c68,Claimant
967c4b52-eb7c-4bdc-680e-554970eab666,ee56860d-1045-478d-8e09-2e0de99e7a0e,Claimant
6ec003d8-f720-48a6-247e-b9f5f8ef5bba,69fe6d37-e5b3-447d-b55e-b13ca0e26e30,Claimant
bff5df20-2aca-4b64-d298-b2133419b3ae,b9aeb31d-3aef-434f-1962-2568a6513c4d,Claimant
3d76c290-94ec-4d1a-1c61-57787c0661c2,cdf98f41-9c85-4352-1d99-36a483eed654,Claimant
7ee990ef-3c48-43d9-2f31-6d548ca8e2c1,30ab375a-d452-47bd-cac7-7a2ca740301a,Claimant
40d57e44-e752-410f-44dc-c303b1b9f6a1,6b2c3c08-b621-42a5-dc95-0f11c7a544fb,Claimant
4263ac72-bc92-4014-7791-a9e378d63b7c,86de39cd-04d9-47da-4008-65a95ae52274,Claimant
49ea17c4-efbc-42d8-816e-b6865c444abb,ee56860d-1045-478d-8e09-2e0de99e7a0e,Claimant
f7c0ac36-5ebd-4af3-b91a-b760f78944f4,aac062a1-febc-44aa-732e-009c58da3c3b,Claimant
c398b36d-9a0f-4d66-d0f3-662699255064,2fb319e6-68a7-4f61-4de3-f11a9ed6e49a,Claimant
781f2d21-2cab-401d-d45f-4ac1767bcb68,b9aeb31d-3aef-434f-1962-2568a6513c4d,Claimant
88abb98f-0b6d-4fd0-398a-1d3d6146c34b,0645ad96-873c-4f01-0119-f74cf60519e2,Claimant
3b0e0c90-4e0a-416e-25d1-eab3b513d913,4e02f29d-cf60-45cf-e596-b634718ec68d,Claimant
ef4dfe43-fc43-4d2b-8917-de98ee02c654,71bee48e-47a6-44f9-fa13-b75fff891c68,Claimant
a78868ce-95ee-478c-96b5-06ede3830db4,025633d9-2661-41bf-dd11-6d62ba5ad689,Claimant
c31d3310-dd0e-4378-7d34-75b1f3d7f822,cdf98f41-9c85-4352-1d99-36a483eed654,Claimant
aafb43ee-1485-4ea9-3d58-dfb4ba6ca82d,5fba043c-ae9e-4726-9050-95204f93abea,Claimant
c6bf3a65-1fa8-4e8b-f4cd-1d70a0b65d6d,0645ad96-873c-4f01-0119-f74cf60519e2,Claimant
654a7d2e-d734-4c88-f437-56bfce62a994,eb7dbdd0-d7f7-4851-6b67-63b0be19b6e5,Claimant
340151fd-343c-45e0-514b-9695e07b44c0,7c472bea-46b5-4939-1075-72a6078112ad,Claimant
4c11e85f-d518-4dd4-fc53-62d58bbf6e75,7a9da7b9-bff1-4173-c56a-6b092e61c30e,Claimant
52f0a910-db0d-4ee9-ab77-8cb0ab4bf364,5f037af3-38ae-4adc-616b-4d74097215a8,Claimant
7e54427f-77da-47a9-f101-093dbf4e69b8,35fdf7e0-faba-48c5-7ad0-5bb85cefa8d4,Claimant
86c020c9-82a5-47a8-9844-f9c89cac0efd,56cd6ac4-7dff-4be2-1c05-e48962b0b864,Claimant
3f5887ad-0c5b-4ed4-7d33-784768d4a2d9,cdf98f41-9c85-4352-1d99-36a483eed654,Claimant
9d020c4d-75ef-4114-59d8-36dd1c10ab31,b743d060-9523-4e55-ddfa-7f0e3c57a23f,Claimant
d0983884-6116-4d3c-10ee-de7f64647745,bc3861c4-3621-4683-adae-2012ebf9b45e,Claimant