person_id,first_name,last_name,date_of_birth,driver_license_number,driver_license_state,contact_email,contact_phone,mailing_address
20a3e4cd-d3d1-46c3-e887-1beb85a165ce,Maya,Alvarez,1973-04-13T00:00:00Z,D2962465,CA,user0@example.com,+13108432259,8624 Main St
7425c89c-bb3d-4a7c-b5fd-a3fd38c0744b,Liam,Rossi,1974-04-23T00:00:00Z,D9668100,CA,user1@example.com,+13108349503,1027 Main St
3d9b00f9-08b6-4eca-0ead-815c62a83f3d,Hugo,Patel,1964-07-09T00:00:00Z,D6579510,CA,user2@example.com,+13106079756,2255 Main St
4f3ef00f-fd55-4393-b15c-c71de4d3484d,Carlos,Silva,1977-08-23T00:00:00Z,D2625379,CA,user3@example.com,+13105119796,1348 Main St
1451310a-3eea-466c-0d96-bc7da35932a3,Hugo,Reyes,1962-06-07T00:00:00Z,D9178217,CA,user4@example.com,+13107562639,3432 Main St
bb6d1cb9-19aa-4552-e563-d1b8b56f26e8,Priya,Hassan,1968-10-11T00:00:00Z,D5998895,CA,user5@example.com,+13105373144,5010 Main St
79d58a38-3ce7-48c8-47d2-fbf871c3f13b,Robert,Patel,1972-11-15T00:00:00Z,D8809303,CA,user6@example.com,+13106115005,6331 Main St
3f5eccbc-1e42-49fb-ff00-3f6f27c75988,Zoe,Wong,1984-09-17T00:00:00Z,D5180708,CA,user7@example.com,+13104893748,8514 Main St
827a3399-8afa-447e-68e4-a6c70e7a0f4f,Liam,Lopez,1999-03-27T00:00:00Z,D9852801,CA,user8@example.com,+13103324495,5685 Main St
8f7354aa-0875-4c8b-329b-c0083f8133ca,Priya,Khan,1963-09-17T00:00:00Z,D9294630,CA,user9@example.com,+13103795052,5034 Main St
5d3982b8-0656-495a-9c7f-29253ec9eabd,Ethan,Hassan,1977-08-28T00:00:00Z,D2050242,CA,user10@example.com,+13103545740,8737 Main St
bbce74d2-b270-4b76-2afd-2c350d687c94,Hugo,Smith,1973-04-26T00:00:00Z,D6788606,CA,user11@example.com,+13104503871,3147 Main St
d1eae42b-c8d2-4732-6635-95f5c067cb30,Marcus,Khan,1964-03-26T00:00:00Z,D1843853,CA,user12@example.com,+13102412699,8601 Main St
fac2c16f-d8fd-4884-42d4-0df047369e42,Nina,Park,1973-04-18T00:00:00Z,D7221024,CA,user13@example.com,+13108894704,9459 Main St
99bf8016-a624-4d3f-e845-6609293107dd,Maria,Rossi,1969-04-04T00:00:00Z,D8312138,CA,user14@example.com,+13103981654,7827 Main St
f132fd50-9ae7-45fd-35c1-3c90c957f8c7,Hugo,Alvarez,1973-07-24T00:00:00Z,D3684547,CA,user15@example.com,+13107853415,5519 Main St
f0f6a313-ce13-437d-67fb-028dad8f9442,David,Lopez,1992-06-23T00:00:00Z,D7779595,CA,user16@example.com,+13106767102,405 Main St
b743d060-9523-4e55-ddfa-7f0e3c57a23f,Sophia,Nguyen,1994-07-12T00:00:00Z,D9775940,CA,user17@example.com,+13103230153,567 Main St
5148ae27-25ac-4d1c-5eaf-473b8c740d22,Robert,Smith,1983-10-11T00:00:00Z,D3988891,CA,user18@example.com,+13109528373,2041 Main St
3ab94d65-4016-476f-016f-83b7c9e88e86,Priya,Rossi,1975-04-26T00:00:00Z,D9133993,CA,user19@example.com,+13103211089,4124 Main St
89291870-b954-4c26-af17-4f62d3ac4233,Grace,Kim,1982-05-22T00:00:00Z,D8649711,CA,user20@example.com,+13103191323,8113 Main St
f467a414-299c-42d0-3b54-cdf4969b3c9e,Maya,Khan,1978-10-30T00:00:00Z,D7512143,CA,user21@example.com,+13103558882,1004 Main St
8de8fbd5-ab19-490f-212f-b7813fcbdd12,Hugo,Garcia,1999-06-17T00:00:00Z,D8248164,CA,user22@example.com,+13107786219,4102 Main St
7fe5d937-8787-47cb-6162-06a5fe2bd22e,Sophia,Smith,1981-10-13T00:00:00Z,D5151612,CA,user23@example.com,+13107671422,5122 Main St
172f01bf-bd7f-453e-7712-fc6cdf1d86bc,Carlos,Brown,1969-03-12T00:00:00Z,D1041792,CA,user24@example.com,+13103337356,4485 Main St
aac062a1-febc-44aa-732e-009c58da3c3b,Priya,Davis,1979-12-21T00:00:00Z,D2859913,CA,user25@example.com,+13106801608,5668 Main St
7f780f35-af0e-4c3f-477a-621e1029039b,James,Reyes,1998-12-13T00:00:00Z,D7457896,CA,user26@example.com,+13108682937,6677 Main St
2572b215-db27-4e20-e5be-dc28bd41e3a5,Carlos,Hassan,1988-12-07T00:00:00Z,D2705207,CA,user27@example.com,+13107880164,1339 Main St
6501682b-5ead-4077-0844-db544195c7ee,Omar,Smith,1982-11-26T00:00:00Z,D1938764,CA,user28@example.com,+13107693550,5051 Main St
c82e581c-fbbc-4f44-0e1f-8b1b73723d18,Liam,Park,1983-10-04T00:00:00Z,D2211263,CA,user29@example.com,+13106342114,5247 Main St
d9705dc9-bff4-4eb1-3f46-a1bb76f73a4f,Carlos,Silva,1976-12-21T00:00:00Z,D6952598,CA,user30@example.com,+13108081149,1978 Main St
8ec08b87-3b93-4b93-cf74-ac673c08541a,Noah,Smith,1974-02-04T00:00:00Z,D4975200,CA,user31@example.com,+13104986709,6075 Main St
2be26cc3-fee8-4d00-c3ab-8ca78fe15a93,James,Khan,2003-10-07T00:00:00Z,D8949933,CA,user32@example.com,+13109819962,1954 Main St
3cca9292-df72-473f-7f6e-90b7025bef4b,Omar,Cohen,1981-06-18T00:00:00Z,D4332497,CA,user33@example.com,+13108606711,4798 Main St
d931f919-4659-4a2d-04b1-ccfd6ea66231,Lucia,Reyes,1991-05-03T00:00:00Z,D5440996,CA,user34@example.com,+13103099757,3106 Main St
5a478704-76b0-4127-2ae6-0bc452a45bda,Elena,Garcia,1975-08-15T00:00:00Z,D2904785,CA,user35@example.com,+13108595697,9963 Main St
6b2b8dca-86ef-463c-b606-3c8240cf873d,Ethan,Smith,1977-10-11T00:00:00Z,D6580889,CA,user36@example.com,+13108071678,3355 Main St
11bf0ee1-06e3-4dfc-8e88-9d903f5772b0,Zoe,Johnson,1975-07-01T00:00:00Z,D5435003,CA,user37@example.com,+13104954221,851 Main St
8df4c56e-26eb-44ed-9714-935e37b01972,Noah,Hassan,1965-07-31T00:00:00Z,D2627796,CA,user38@example.com,+13105843449,362 Main St
7a9da7b9-bff1-4173-c56a-6b092e61c30e,Marcus,Cohen,1981-12-18T00:00:00Z,D8917747,CA,user39@example.com,+13109777934,4114 Main St
d247e621-715a-422a-0dd5-edb7b6b68fd6,Ethan,Hassan,1999-02-11T00:00:00Z,D7512196,CA,user40@example.com,+13104454439,797 Main St
88953a47-2487-4a87-d7e9-600aebf539cb,Aisha,Wong,1980-10-06T00:00:00Z,D6708454,CA,user41@example.com,+13108676138,6245 Main St
9fd27870-3876-4eaf-ca5e-a75dc606ae1f,Liam,Wong,1997-08-23T00:00:00Z,D6813647,CA,user42@example.com,+13108040247,1956 Main St
632dbb04-c217-45fa-dd21-7208b90d1272,Hugo,Alvarez,1993-01-12T00:00:00Z,D7707225,CA,user43@example.com,+13104369788,9760 Main St
96f93542-3ead-40b4-c857-7210347a12d2,Maria,Alvarez,1964-09-01T00:00:00Z,D4588051,CA,user44@example.com,+13104013098,8717 Main St
e9a09424-698b-470e-8cc2-10cda2f0fe68,Elena,Alvarez,1977-12-14T00:00:00Z,D1418471,CA,user45@example.com,+13103300442,4397 Main St
a3d7854e-4a4b-4293-9427-6590110211f9,Sophia,Lopez,1976-12-23T00:00:00Z,D4702698,CA,user46@example.com,+13103190562,9382 Main St
9b630a14-9b87-4d4b-403a-fd60415b53c7,Ethan,Park,1971-02-21T00:00:00Z,D8789685,CA,user47@example.com,+13105352911,7355 Main St
66f7d402-6a6f-42bf-81c2-0b020062a63c,Noah,Cohen,1997-01-21T00:00:00Z,D7943528,CA,user48@example.com,+13109007814,9205 Main St
86de39cd-04d9-47da-4008-65a95ae52274,Omar,Brown,1960-11-15T00:00:00Z,D4375191,CA,user49@example.com,+13106612583,5719 Main St
45ab1d21-bbec-4dca-568f-3734497b457d,Robert,Brown,1993-05-01T00:00:00Z,D6285290,CA,user50@example.com,+13104658878,2316 Main St
36bfc2ec-779e-4651-d473-551f52ce07c7,Robert,Chen,1960-06-06T00:00:00Z,D6766795,CA,user51@example.com,+13103242096,9290 Main St
2d1def22-9438-4e09-1895-89f40223acb3,Ethan,Cohen,1961-12-04T00:00:00Z,D7430439,CA,user52@example.com,+13108375611,8459 Main St
bcdb5fec-889b-4795-2395-429b0b470692,Elena,Patel,1966-04-30T00:00:00Z,D7144188,CA,user53@example.com,+13103345502,6406 Main St
a277f9bd-5c41-4879-3518-679c03a0f070,Lucia,Nguyen,1981-04-02T00:00:00Z,D5551668,CA,user54@example.com,+13107020655,4172 Main St
c4cb8992-b546-44af-6f78-cce0c479c07d,Hugo,Park,1969-04-23T00:00:00Z,D5585659,CA,user55@example.com,+13102860790,3698 Main St
956965c1-6575-439a-2dc1-2f7483775278,Omar,Wong,1970-04-15T00:00:00Z,D6655835,CA,user56@example.com,+13107271005,1498 Main St
9eaa7da1-6096-49dc-eb43-013a841b9f6d,Omar,Cohen,2002-10-03T00:00:00Z,D3912772,CA,user57@example.com,+13102780838,8452 Main St
85468efe-416f-448b-7f95-a66d4cfb61ed,Maria,Hassan,1970-06-27T00:00:00Z,D6459172,CA,user58@example.com,+13108702438,4579 Main St
87df1440-0358-4174-a5bc-fb984d1c63f6,Maria,Silva,1983-01-25T00:00:00Z,D2019670,CA,user59@example.com,+13108645738,7292 Main St
dd7c5f68-167b-4ead-2c50-e250ab68120c,Ethan,Johnson,1968-09-07T00:00:00Z,D6601846,CA,user60@example.com,+13104040148,384 Main St
b8a40978-b0e4-4707-8f15-c729c21aec9a,Hugo,Davis,1997-03-14T00:00:00Z,D6446342,CA,user61@example.com,+13109100998,9820 Main St
ccdd2470-95ac-4c9e-3f46-25fbe137cc5f,Maria,Cohen,1974-06-26T00:00:00Z,D2250421,CA,user62@example.com,+13105174479,5996 Main St
eb7dbdd0-d7f7-4851-6b67-63b0be19b6e5,David,Khan,1982-10-11T00:00:00Z,D1752628,CA,user63@example.com,+13108652054,2973 Main St
bea2128c-55ad-41b0-1a37-5cdca81d82cd,Maya,Reyes,1979-10-14T00:00:00Z,D5473248,CA,user64@example.com,+13104578087,4662 Main St
51c34ce4-d652-4c17-42c1-0826e485c406,Elena,Patel,1989-04-13T00:00:00Z,D1148196,CA,user65@example.com,+13107355222,3866 Main St
92b42e3c-58fe-4f77-1e8c-8130d6e930a9,David,Smith,1998-10-07T00:00:00Z,D8703730,CA,user66@example.com,+13107515240,1113 Main St
5285bddd-4b71-41f2-5da5-80f80155cd91,Hugo,Martin,1971-03-08T00:00:00Z,D1723343,CA,user67@example.com,+13106057483,5145 Main St
35b1e312-1279-4773-9ea7-d90f699cf67f,Sophia,Reyes,1981-06-06T00:00:00Z,D5303376,CA,user68@example.com,+13105555755,3782 Main St
37344690-8396-40a6-2989-9149e9736835,James,Khan,2001-02-28T00:00:00Z,D7389653,CA,user69@example.com,+13108269297,9291 Main St
30ab375a-d452-47bd-cac7-7a2ca740301a,Grace,Alvarez,1989-09-19T00:00:00Z,D9907137,CA,user70@example.com,+13103555312,1720 Main St
bc3861c4-3621-4683-adae-2012ebf9b45e,Noah,Park,1970-03-09T00:00:00Z,D8145683,CA,user71@example.com,+13104467600,1152 Main St
40aa4768-f489-4908-1515-276d1ab9883c,David,Patel,2002-07-23T00:00:00Z,D4484594,CA,user72@example.com,+13103529774,6052 Main St
b9aeb31d-3aef-434f-1962-2568a6513c4d,James,Cohen,1994-03-22T00:00:00Z,D5986242,CA,user73@example.com,+13105106090,994 Main St
0af5bdeb-be26-4890-4cc8-652acc722a68,Lucia,Alvarez,1977-04-11T00:00:00Z,D2796482,CA,user74@example.com,+13108854982,3975 Main St
71bee48e-47a6-44f9-fa13-b75fff891c68,Hugo,Patel,1985-02-05T00:00:00Z,D7743697,CA,user75@example.com,+13108290942,5027 Main St
174457e9-0c27-4046-768d-788a037347d2,Priya,Patel,1963-03-02T00:00:00Z,D1044126,CA,user76@example.com,+13104801934,6740 Main St
d97eb409-ada8-4521-f8af-75bace8d3888,Noah,Rossi,1996-10-28T00:00:00Z,D7371469,CA,user77@example.com,+13109052430,6068 Main St
4e02f29d-cf60-45cf-e596-b634718ec68d,Omar,Smith,1970-07-30T00:00:00Z,D2502917,CA,user78@example.com,+13107944697,739 Main St
5e359c3c-384c-488b-6f30-1e46bdb0b79c,David,Park,1987-08-12T00:00:00Z,D9275062,CA,user79@example.com,+13105413195,6169 Main St
2c5c0ed7-00de-400f-0f94-355a6fa423a2,James,Lopez,1979-03-18T00:00:00Z,D8207226,CA,user80@example.com,+13104387937,3243 Main St
80a40a0c-f2cf-4cda-656d-6cc36c5f5cd0,Marcus,Brown,1969-01-03T00:00:00Z,D7423356,CA,user81@example.com,+13109911888,598 Main St
8bfff6b1-29d1-4cd6-ea25-3ff6933c79ab,Lucia,Lopez,1992-12-22T00:00:00Z,D8697897,CA,user82@example.com,+13107802346,168 Main St
35fdf7e0-faba-48c5-7ad0-5bb85cefa8d4,Nina,Chen,2000-11-22T00:00:00Z,D9767067,CA,user83@example.com,+13106278346,2206 Main St
e3c16252-6a48-400b-53dd-7905663b3315,Maya,Johnson,1981-08-19T00:00:00Z,D9041116,CA,user84@example.com,+13108496801,8833 Main St
f7c78a62-5748-47b9-7724-937a5dfeb400,Lucia,Cohen,1976-06-27T00:00:00Z,D6708881,CA,user85@example.com,+13107253554,202 Main St
eebff889-768a-429f-37c2-df4b2d04086a,Hugo,Nguyen,1990-09-30T00:00:00Z,D3939878,CA,user86@example.com,+13107098192,3900 Main St
2f178f95-93ca-4408-7a65-0b14934b19ba,Ethan,Silva,1971-01-19T00:00:00Z,D4094192,CA,user87@example.com,+13107493914,2585 Main St
0645ad96-873c-4f01-0119-f74cf60519e2,Omar,Hassan,1973-04-13T00:00:00Z,D2677074,CA,user88@example.com,+13109253099,3844 Main St
3aa01b6e-81ba-440e-593d-94997854b6c5,Ethan,Rossi,1969-10-06T00:00:00Z,D6591131,CA,user89@example.com,+13108575002,5733 Main St
41eadef5-2f1a-4690-25d8-b2e03663866b,Robert,Smith,1980-10-23T00:00:00Z,D6625648,CA,user90@example.com,+13109498680,603 Main St
41d18437-323d-40d9-52e0-de0dc9bcfccd,Ethan,Smith,1981-02-05T00:00:00Z,D9686367,CA,user91@example.com,+13109200443,6415 Main St
ed1dc848-192e-4f67-593a-7d31dbd9db6c,Marcus,Alvarez,1986-01-19T00:00:00Z,D9365949,CA,user92@example.com,+13103247432,6160 Main St
5fba043c-ae9e-4726-9050-95204f93abea,Maya,Patel,1966-08-15T00:00:00Z,D3664377,CA,user93@example.com,+13104764537,961 Main St
841bf3c4-8344-48ee-d6ba-5b6010fe1ca4,James,Nguyen,1982-04-11T00:00:00Z,D6003106,CA,user94@example.com,+13105972033,9967 Main St
da584863-6f77-4cd9-badd-8a53ae7bcb16,Hugo,Nguyen,1989-10-19T00:00:00Z,D1175907,CA,user95@example.com,+13106826311,1604 Main St
8d74cbc3-8cc1-4f7f-2179-c9b49ba41705,Zoe,Garcia,1995-04-04T00:00:00Z,D1665845,CA,user96@example.com,+13103232260,7148 Main St
7ee6786b-6a83-4de5-b8c0-bda3963dbe13,Hugo,Patel,1998-10-31T00:00:00Z,D8445369,CA,user97@example.com,+13102564989,2105 Main St
7ee7c010-bd1b-4eab-5ebc-25be729ea82c,Marcus,Silva,2002-11-28T00:00:00Z,D1098169,CA,user98@example.com,+13106961599,1165 Main St
16cdf939-c39e-4de2-953d-c7d9c939193b,Ethan,Nguyen,1997-03-25T00:00:00Z,D4352863,CA,user99@example.com,+13105577791,8104 Main St
3aef139e-7a4e-4872-80d6-d6e1dbfd2efc,Grace,Kim,1978-09-03T00:00:00Z,D3123318,CA,user100@example.com,+13105158941,7146 Main St
5267ff5f-fa04-4d4e-ca13-aaf8de3c64be,Priya,Cohen,1975-09-25T00:00:00Z,D3218326,CA,user101@example.com,+13105422941,5125 Main St
8da9933f-d0df-475b-3dad-566d3ff17345,Omar,Reyes,2002-12-08T00:00:00Z,D4591134,CA,user102@example.com,+13103593152,2331 Main St
c6cf41ae-373f-4933-bcbf-59679cb800d6,Lucia,Nguyen,1963-12-14T00:00:00Z,D1459529,CA,user103@example.com,+13109098431,6929 Main St
be8ec9fb-50d8-4432-8e87-869b81215849,David,Lopez,1974-09-14T00:00:00Z,D5823200,CA,user104@example.com,+13107542712,4627 Main St
a8a26608-164f-4cd2-009e-58baf87903f2,David,Patel,1978-05-19T00:00:00Z,D8240107,CA,user105@example.com,+13107179425,2887 Main St
7c472bea-46b5-4939-1075-72a6078112ad,Hugo,Lopez,1976-10-03T00:00:00Z,D8912837,CA,user106@example.com,+13105360228,9583 Main St
3e15ce33-fb85-4083-0a25-4bcf1fa67fa5,Liam,Khan,1996-10-08T00:00:00Z,D9798739,CA,user107@example.com,+13102550217,9982 Main St
b315e855-918a-4810-3c1c-7c6186858cc5,Maria,Hassan,1994-02-21T00:00:00Z,D5159105,CA,user108@example.com,+13103706453,3876 Main St
71fbcbf3-451b-466d-4828-98d0de9df9f6,Noah,Rossi,1983-08-25T00:00:00Z,D2134205,CA,user109@example.com,+13107153098,5065 Main St
39749b4e-4869-4653-7863-40d750638006,Maya,Nguyen,1994-05-17T00:00:00Z,D6483478,CA,user110@example.com,+13107356719,1791 Main St
75dc8c09-55c9-4b58-bcfc-a17e0505d46d,Omar,Silva,1995-01-07T00:00:00Z,D6361632,CA,user111@example.com,+13103543567,1209 Main St
e2a59dc1-17f7-4a2a-bf58-5c5869e8a95a,Hugo,Khan,1994-11-29T00:00:00Z,D5682406,CA,user112@example.com,+13109034581,719 Main St
1049771d-e9e0-4feb-c2e0-0d02b47552e4,Elena,Khan,1990-12-31T00:00:00Z,D9503546,CA,user113@example.com,+13107307616,2662 Main St
a377b8f3-698b-4384-210e-c48bf977b135,Robert,Patel,1983-01-06T00:00:00Z,D2639141,CA,user114@example.com,+13102712945,2751 Main St
03a5c291-c96f-427a-3be1-6fe21c5dbfdd,David,Chen,2000-07-30T00:00:00Z,D9327005,CA,user115@example.com,+13102902342,1513 Main St
2a16b74f-3eef-4a91-03a2-098e79410382,Omar,Kim,1991-05-11T00:00:00Z,D5849452,CA,user116@example.com,+13102063048,7602 Main St
6b2c3c08-b621-42a5-dc95-0f11c7a544fb,Nina,Alvarez,1971-11-18T00:00:00Z,D5299390,CA,user117@example.com,+13105896052,9547 Main St
8a0f6284-5e12-42f7-118f-e4b372ad0c12,Maya,Davis,1963-03-31T00:00:00Z,D4005209,CA,user118@example.com,+13105392295,5135 Main St
39cb8dc6-7c74-47ce-79ec-8d72d239a42b,Ethan,Cohen,2001-03-27T00:00:00Z,D9245010,CA,user119@example.com,+13106584468,1062 Main St
7d54d6d2-b0f5-4ca5-0977-23e62dbdd880,Omar,Cohen,2001-09-06T00:00:00Z,D5699157,CA,user120@example.com,+13105287943,8126 Main St
025633d9-2661-41bf-dd11-6d62ba5ad689,Priya,Alvarez,1969-06-30T00:00:00Z,D4677249,CA,user121@example.com,+13107184899,7720 Main St
dcef69f1-3808-4f36-27c1-e06187b66191,Maria,Davis,1999-08-19T00:00:00Z,D2937724,CA,user122@example.com,+13105387115,7220 Main St
5cc89487-212b-48e1-2278-a316c56a4bb7,Noah,Khan,1972-07-07T00:00:00Z,D5129519,CA,user123@example.com,+13109043801,3109 Main St
fbd65a49-bbf2-43de-de60-ea366f7779e6,James,Wong,1960-10-04T00:00:00Z,D3292272,CA,user124@example.com,+13105197527,1158 Main St
3a4de816-47e7-47eb-a685-95fc5e4a8557,Maya,Alvarez,1961-01-17T00:00:00Z,D2156798,CA,user125@example.com,+13106152281,6811 Main St
67a6bb11-7a2f-4dbe-1b2f-129be7310bd0,Robert,Nguyen,1963-08-10T00:00:00Z,D6676424,CA,user126@example.com,+13105066453,4948 Main St
fb4be76b-4c7e-420b-26af-35961e43c2f0,Maya,Garcia,1999-03-03T00:00:00Z,D5881009,CA,user127@example.com,+13107366310,9568 Main St
a069ca03-332d-48c3-3443-9fb142378454,Zoe,Khan,1970-10-20T00:00:00Z,D2917001,CA,user128@example.com,+13105056029,9768 Main St
57d836de-2d6c-4463-c2e0-66dc51b91b61,Nina,Lopez,1973-11-10T00:00:00Z,D8334021,CA,user129@example.com,+13105261547,2008 Main St
d4e6be1f-005b-45ef-95af-70559d2005ae,Aisha,Khan,1976-11-19T00:00:00Z,D7029029,CA,user130@example.com,+13107238710,6076 Main St
b3f611a5-990a-44fc-9413-c0ec3675c645,Nina,Brown,1974-07-03T00:00:00Z,D5918069,CA,user131@example.com,+13102681906,7069 Main St
80d9f6ba-a939-4a3d-d641-f488a877a0f8,Nina,Park,1993-09-29T00:00:00Z,D3911218,CA,user132@example.com,+13106326745,1708 Main St
87f92835-814e-4e4d-fb92-4841089f9681,David,Brown,1999-03-27T00:00:00Z,D6657585,CA,user133@example.com,+13102051049,5210 Main St
8a48fdca-d462-42f6-d1c7-a29c5ba2f192,Maya,Silva,1986-10-28T00:00:00Z,D8015942,CA,user134@example.com,+13107614644,9459 Main St
c6501573-6774-4577-598b-66e28a3c2d51,Priya,Smith,1995-04-20T00:00:00Z,D7952963,CA,user135@example.com,+13102365967,9738 Main St
6befc1f5-f974-4738-dab1-9dc1fd609c17,Grace,Brown,1993-10-14T00:00:00Z,D4353433,CA,user136@example.com,+13102597951,2692 Main St
f0987c5e-0b74-4e97-6577-a526f2d40c56,Zoe,Smith,1987-05-17T00:00:00Z,D9136693,CA,user137@example.com,+13108199304,4391 Main St
ff86c0c6-1cf5-42f0-fb5b-d8057985ecd7,Liam,Silva,1999-02-22T00:00:00Z,D6640220,CA,user138@example.com,+13104982984,473 Main St
6426f65f-a06c-4b34-7eb3-fe312903d5b0,Carlos,Smith,1994-05-16T00:00:00Z,D8370207,CA,user139@example.com,+13102129407,967 Main St
8887c111-fb9c-43bc-a3f7-af224cb1554b,Aisha,Smith,1970-11-01T00:00:00Z,D2140090,CA,user140@example.com,+13108938038,4503 Main St
cdf98f41-9c85-4352-1d99-36a483eed654,Maria,Johnson,1963-12-17T00:00:00Z,D1180344,CA,user141@example.com,+13105549442,8468 Main St
c34b8226-5b3d-480d-1cb2-bedf9987d2ed,Aisha,Hassan,1974-06-15T00:00:00Z,D9352212,CA,user142@example.com,+13107837828,2994 Main St
ee56860d-1045-478d-8e09-2e0de99e7a0e,James,Kim,2001-11-14T00:00:00Z,D8836495,CA,user143@example.com,+13103852730,2797 Main St
9e3bc682-2642-4df1-95ec-60b27da85e63,Robert,Cohen,1992-10-01T00:00:00Z,D6701475,CA,user144@example.com,+13108932687,5036 Main St
0f34155f-8727-4f87-5118-51c607240408,Omar,Wong,1992-09-09T00:00:00Z,D2572379,CA,user145@example.com,+13108365255,443 Main St
6ca75355-2145-4fd9-331c-c1497fc2c914,Elena,Silva,2003-09-09T00:00:00Z,D7610406,CA,user146@example.com,+13104241912,5859 Main St
20201d3c-85f8-4c93-2819-8718fb8ec2d5,Maria,Chen,1965-02-25T00:00:00Z,D5071187,CA,user147@example.com,+13105605443,2385 Main St
09aa27c6-76c0-4494-e517-b8c564e42a90,Ethan,Reyes,1971-02-15T00:00:00Z,D6313489,CA,user148@example.com,+13107688954,1506 Main St
591f4ef1-b909-4bd5-f1b4-4739f61b7970,James,Alvarez,1982-01-14T00:00:00Z,D7805226,CA,user149@example.com,+13105544448,5616 Main St
5f037af3-38ae-4adc-616b-4d74097215a8,James,Smith,1979-08-12T00:00:00Z,D7973778,CA,user150@example.com,+13109224073,9061 Main St
33f989e4-22c3-422a-d54d-653e1074ec17,Liam,Cohen,1969-12-14T00:00:00Z,D2448707,CA,user151@example.com,+13107118147,6435 Main St
2cf6dc79-37f0-4094-1c4f-530a6db83206,Elena,Hassan,1994-03-11T00:00:00Z,D2769452,CA,user152@example.com,+13104645874,6787 Main St
520618b6-50e9-4b48-4f9e-ed627e74268c,Grace,Park,1976-03-14T00:00:00Z,D8508324,CA,user153@example.com,+13102482472,1153 Main St
6da70aeb-7403-4c59-bc38-19e0e29389cb,Carlos,Hassan,1986-01-19T00:00:00Z,D4524176,CA,user154@example.com,+13104435419,7431 Main St
6d865807-7ef8-4187-710e-b003045de057,Ethan,Lopez,1965-05-16T00:00:00Z,D3723527,CA,user155@example.com,+13105752717,9172 Main St
48b3f18b-b1fe-4e11-d586-8e5aed57b0b1,Aisha,Hassan,1981-11-13T00:00:00Z,D1996609,CA,user156@example.com,+13104403445,9516 Main St
36984733-e34c-466d-643e-38a17544d1c9,Grace,Smith,1965-01-10T00:00:00Z,D8197651,CA,user157@example.com,+13104197855,5361 Main St
3c88c4cf-9b0d-432a-2349-7a7da32d1d12,Lucia,Patel,1995-07-09T00:00:00Z,D2613493,CA,user158@example.com,+13108895455,8527 Main St
be0454b8-4619-4feb-0bc8-2b73373ffd59,Sophia,Chen,2001-11-23T00:00:00Z,D9047863,CA,user159@example.com,+13106708518,8763 Main St
7811265d-c8ab-4a81-9d76-78beacf5eb9d,Marcus,Garcia,1976-04-30T00:00:00Z,D6213311,CA,user160@example.com,+13108044537,9194 Main St
f171de90-5a0f-46b7-72e8-cd07d73bda15,Omar,Wong,1997-12-26T00:00:00Z,D3787511,CA,user161@example.com,+13106845296,9229 Main St
108120f3-18bd-42fe-9d63-e85e160e0d28,David,Alvarez,1987-12-06T00:00:00Z,D4906377,CA,user162@example.com,+13109787848,1169 Main St
69fe6d37-e5b3-447d-b55e-b13ca0e26e30,Lucia,Silva,1963-09-25T00:00:00Z,D8595042,CA,user163@example.com,+13106911031,3934 Main St
f12a7935-533e-4163-09c6-319d3d270465,Omar,Park,1969-05-08T00:00:00Z,D4663266,CA,user164@example.com,+13105042195,7849 Main St
6d9844b1-96c7-41ff-39dc-ff80e4ed063a,Ethan,Garcia,1989-03-01T00:00:00Z,D4806717,CA,user165@example.com,+13103176305,5248 Main St
a939012c-1e25-43dc-9982-30b2333e5696,Elena,Smith,1989-10-07T00:00:00Z,D7536400,CA,user166@example.com,+13109539626,4440 Main St
1d0ffd60-e3cd-4be1-4000-b2641bdd4f5f,Sophia,Martin,1963-07-02T00:00:00Z,D1064053,CA,user167@example.com,+13104014199,9244 Main St
86eed99b-0930-4d3f-e3b4-e1901831fadf,Sophia,Davis,1963-04-25T00:00:00Z,D7317018,CA,user168@example.com,+13102542220,5078 Main St
ac59c7ae-2913-447b-d86a-fb239b72089d,Priya,Martin,1992-03-08T00:00:00Z,D5388861,CA,user169@example.com,+13106839108,952 Main St
249982c3-668a-4325-76eb-a662658ae281,Grace,Kim,2002-02-28T00:00:00Z,D1308144,CA,user170@example.com,+13109709662,9161 Main St
ba465a63-74a7-4bd0-9bc2-b4b95e4b28ef,David,Chen,1974-05-04T00:00:00Z,D4514703,CA,user171@example.com,+13108914867,8469 Main St
86f13fe3-3f74-4d39-1099-4021f75011a8,Aisha,Kim,1991-02-04T00:00:00Z,D7433052,CA,user172@example.com,+13104025468,3328 Main St
91687eb7-41a5-4bad-1a17-4c8d85cfca36,Priya,Kim,1976-01-03T00:00:00Z,D4897198,CA,user173@example.com,+13107079961,588 Main St
83e9bd5a-0746-4cf4-c00e-b79df3a3696b,Liam,Hassan,1990-08-17T00:00:00Z,D8633744,CA,user174@example.com,+13102457067,6760 Main St
96b130d1-86eb-46e7-1ae9-ce51f4b5deb9,Carlos,Chen,1990-09-30T00:00:00Z,D1286097,CA,user175@example.com,+13104558081,6212 Main St
48811e37-625a-4b6b-e429-fc3ea7398426,Robert,Davis,1961-01-13T00:00:00Z,D2822543,CA,user176@example.com,+13102311447,202 Main St
bb0055fc-296c-4ba6-a3da-6bad0b3a5dab,James,Chen,1988-01-22T00:00:00Z,D9522816,CA,user177@example.com,+13104853010,184 Main St
07bcdf65-0180-45f5-da90-4ed9f4797e56,Carlos,Chen,1983-03-28T00:00:00Z,D2667148,CA,user178@example.com,+13105307795,9434 Main St
725251ad-1227-4c68-7f0f-d02017c8e947,Priya,Silva,1968-06-01T00:00:00Z,D8663862,CA,user179@example.com,+13103760912,1289 Main St
a1130c37-9709-46fb-2301-149cd55c1ef0,James,Patel,1984-02-28T00:00:00Z,D4159617,CA,user180@example.com,+13107431037,3314 Main St
18be0041-fecb-49f7-add7-4ab51e34fced,Maria,Brown,1970-02-13T00:00:00Z,D9185138,CA,user181@example.com,+13107051143,7527 Main St
edbcb061-62f1-4840-924e-beb01671b566,Elena,Johnson,1985-11-08T00:00:00Z,D9312295,CA,user182@example.com,+13107067961,3497 Main St
050d01f5-27a3-4dcb-522c-f5283125f4a0,Robert,Park,1981-05-18T00:00:00Z,D9562232,CA,user183@example.com,+13106268088,9453 Main St
da81d284-4c24-49a2-873f-a3e4f22080d4,Priya,Davis,1980-06-20T00:00:00Z,D9120332,CA,user184@example.com,+13103555267,1562 Main St
7922f2cb-244e-4a44-37da-d28fab0bbb7f,Ethan,Reyes,1968-08-08T00:00:00Z,D9510504,CA,user185@example.com,+13108879359,794 Main St
1d7a8ba8-3c9e-4105-3d4a-5afe741543b5,Noah,Park,1990-12-20T00:00:00Z,D2356403,CA,user186@example.com,+13104249245,4291 Main St
9ec41ebe-5cc5-407d-4b9e-7c6235a96c6a,Hugo,Chen,1968-08-04T00:00:00Z,D9363387,CA,user187@example.com,+13104135757,7739 Main St
e41e746d-5f00-4c6e-771e-260a435303da,James,Johnson,1992-02-08T00:00:00Z,D8222751,CA,user188@example.com,+13105917840,2993 Main St
dca07e4e-c367-4d82-0f75-bec281d74148,Omar,Chen,1985-06-01T00:00:00Z,D7504682,CA,user189@example.com,+13103371516,1297 Main St
9f570c44-8556-4337-b5d9-ac8062c7c643,James,Reyes,1961-11-02T00:00:00Z,D5490038,CA,user190@example.com,+13103544572,1615 Main St
2fb319e6-68a7-4f61-4de3-f11a9ed6e49a,Lucia,Martin,1971-07-13T00:00:00Z,D8552421,CA,user191@example.com,+13109642010,3849 Main St
1344edd3-e06c-4998-353e-83ef86142bff,Sophia,Davis,1962-05-14T00:00:00Z,D8475796,CA,user192@example.com,+13107688205,2946 Main St
56cd6ac4-7dff-4be2-1c05-e48962b0b864,Sophia,Alvarez,1997-10-26T00:00:00Z,D9878295,CA,user193@example.com,+13103607635,9197 Main St
acb46c23-53a7-46ec-16c9-03a149626bd2,Liam,Lopez,2000-05-10T00:00:00Z,D2773119,CA,user194@example.com,+13104952515,5282 Main St
4bdfda70-7b6b-4f63-1a37-7a43ba7eee40,Liam,Reyes,1980-05-11T00:00:00Z,D9757240,CA,user195@example.com,+13106606302,5189 Main St
c4eaaf57-1985-4f7f-2cb7-2dc1db7fc5a7,Maya,Kim,1981-08-15T00:00:00Z,D9736801,CA,user196@example.com,+13104209514,2778 Main St
a0775ef2-8c41-45be-7e9a-29bf23f46860,Ethan,Martin,1969-09-03T00:00:00Z,D5643330,CA,user197@example.com,+13104191761,7318 Main St
03a0a7bc-9e56-427c-e039-092d9a7fb735,Zoe,Park,2003-06-07T00:00:00Z,D1865974,CA,user198@example.com,+13105930383,8186 Main St
13c33272-80bb-475a-6e06-72624e49764b,Zoe,Brown,1975-09-21T00:00:00Z,D8794925,CA,user199@example.com,+13102965162,9044 Main St