visual_evidence_id,evidence_id,damage_id,modality,confidence
5fa11b35-adf1-433d-b08b-9203b7222e9d,89dd0b2a-22e3-4699-2cc8-3649f883fca6,9e0adab0-d556-40dd-7a33-1b8118fc5f43,image,0.87
1cf56e22-c09a-48f7-2add-a7850d38beb0,f4818f4c-24f8-4d95-4ba2-75eb64bb8ce0,1bc06af1-cab5-4e61-49b8-a891b38e9a63,image,0.91
08fb4135-644a-4540-6ff8-e2c2022c9185,d6b52152-78f6-4b02-5e15-638827a1ed5f,95410b1e-3b02-420c-b9de-30017b5d8fac,image,0.92
4a780da6-3060-4591-20e9-bf14bd25c640,6f4b7f78-f3bc-4607-68b9-311ee4737362,44f7e8a1-6429-4895-2aac-820b33dce042,image,0.88
96c4289a-ac14-4943-7e0f-b4615aac313d,0f5c0d0c-89d4-4d35-2db6-29a7bdf6d82f,d4e4b757-23b2-4e72-05de-467a8beb0f16,image,0.87
f62907a5-ced7-4d62-e5b0-6d5de3965b31,e15a5e86-9318-4d90-66b3-56d7b0a7e4dc,bc7c3602-b4ab-4dbe-1ecb-83c216659e7e,image,0.88
61a5d237-7825-4121-c4a7-5a918c9069df,4e679726-4934-4f7b-60a1-c0afd3b8f2c0,c5a720e5-c735-4995-3989-f20e1281c0be,image,0.83
d0b33d12-3c69-4448-41ea-c86b025fc463,3bd5cf84-9b0e-453a-9c28-f097c1b22a3f,cab53dd0-0647-4678-db8d-ba98b7e5013f,image,0.89
2622e662-8de5-4ba4-38e4-4a9f9ae81e47,e98f971d-1f80-4bfa-7c40-a11c06c37d2f,590b5833-9e3a-4346-a44f-450fec733921,image,0.83
7f350fc1-c58e-4f2f-6a23-45a2b3d4cbc9,49c12124-b08b-4f87-1c46-a66b734abac7,e03b9852-3e22-4e6f-6dc8-5e05454b877f,image,0.97
f37d7934-cd4c-41b9-c0f4-c506a0ef34f1,af316b30-8435-4ba3-3008-53f8fffe9b0c,a02cf8a6-26ff-4900-8b91-bdaa3140c630,image,0.74
53dce6bc-c54e-4d29-59fd-ae6b7542566a,9c705f44-2861-4121-d83c-472e566aa93b,a8960aaf-075c-4c88-d7f0-d182cade240d,image,0.94
b97966c3-962e-438e-4f73-efe4a4c7dcf3,1a327579-948d-43a0-d637-a021c0e09a48,4652b0b4-eaa5-441c-9b63-eb57083fcc84,image,0.71
39f4ae5b-20b2-403d-3b77-c44c506d3441,45444ed9-4574-4997-04a5-0bd8274b9c59,7cbe6c4b-85b3-48a7-5d83-6bc94434cb9b,image,0.75
4f8d1d1b-3927-4c70-a5df-e531caf0110a,50f68217-7177-4385-9b58-28b0037daff6,7fa0b8e8-368c-4c0b-5196-aac25f79f21b,image,0.83
98df261a-387d-4626-cf11-15ad55119b6c,c42077ac-fff0-4327-4094-715536534bb9,1b606ca9-4a52-426e-8bd8-5fa3c0451089,image,0.76
f1b10667-4afd-45ea-f279-355ccd82f82e,ff5706dc-1fa1-4a46-8c59-d74effc8e1f5,06cb6861-f54a-465f-0559-272b3b25d1db,image,0.88
4a778a75-d97b-4977-e447-446fd46d6192,1bf10062-ed06-41fa-d208-0f6c392c609f,2c84e312-0738-4ec3-0dc7-aab7a06875b5,image,0.94
5c3d4821-9c43-4932-b04a-40f13c7eadf0,9fb5caa5-d130-4a02-511b-93958c025eb7,063d1ae5-75a1-4f2b-2a42-4e73b455bfee,image,0.83
a4699e98-cf61-41ec-5b0d-cabde3ba6dfe,b74584eb-ed9d-4f82-fc3b-cc2262c4279b,dfa84043-8ec0-4a10-4cce-89152259e679,image,0.93
edeea29f-6467-4f8c-5726-466b6ab52355,a653065b-9788-4d96-ffe6-32c0f410f48c,33845955-f99d-42d0-06c7-5828d6c9e61d,image,0.92
6a786ba1-a231-4496-5c1a-b1603050cc18,9e10151f-aaca-424d-628b-d3da29fb482a,dbc885e3-2cff-4a08-c24f-47d5b4d49898,image,0.91
c7889d7e-ff07-4dbc-f5fd-d7702a110ecb,e03b3cb2-f82a-4356-38c3-c4b941c5059e,d4dbb013-21fc-41f3-1999-b1d1d0ef58b3,image,0.81
63a1d16b-0189-44c6-56e9-c3551c69c656,77a8e34b-c5e9-4de9-6de5-ef7763045f89,9c48e62a-45e2-4778-2d4f-240d6d93c5e3,image,0.72
0a35613a-cdb3-47a9-8d29-65b5d08d3371,e5c569c0-a54a-45c0-830e-a7620cb9d7de,46743f18-7c9d-46ae-87ee-051170840b6e,image,0.73
d1cd5b05-3afa-475f-44a6-0f19059a3932,45460df8-e2fa-4e26-e939-920a04f04f64,401af4a3-b5e5-4f3a-e3d6-8c88ce508dd1,image,0.92
f67b390b-f5a6-466c-4133-983525676115,eafedeed-0863-484e-d3ce-4a7fcd066ab3,c35d3a74-492c-4527-1ee9-81159dbf402b,image,0.76
998e0b75-00c0-464d-bc23-43dcdbb504c9,90130ce2-a848-4820-2869-b9227df75136,2c691ee7-8715-4c9c-daef-6e6adc703fb8,image,0.87
b09ec3d4-bcda-43ee-efc0-b400b53e958a,e4081b21-2562-4e48-f47a-32862ba6e61e,1903bf8c-ea98-4d5f-1d46-d04e7e8bbd6a,image,0.87
d2155f41-a433-4bd6-651f-35e93cd0f702,7cfbfcec-9553-4572-f9be-b7a5f297fd8b,8260743f-ba40-4db3-ead8-3fa662e901eb,image,0.88
6b9fd9d2-571c-4166-3cae-99224352d8c4,a54030ff-b08a-44e0-6c5e-6e8fcb705ba1,53e06b19-781a-4294-20ef-69095f342a13,image,0.98
ced88765-3616-40ac-537e-cb187df71422,2c0b63e5-f15a-4cf6-1a88-36bbef101d71,a09114a3-022e-4be8-230b-82b18d2bd741,image,0.76
9bc1eca0-7041-4d5e-4b18-5d5099d02066,16816b7c-3fba-4616-3a61-34bd8b1716a0,9a36f901-6036-4a31-acd9-8d9216f7bf10,image,0.97
939b30a6-0b8b-4e44-8190-31b4d7fbf937,678c104e-1956-414c-1374-866cdc813aac,94a3acc6-7125-4dd2-1241-bf3043c14f89,image,0.83
0215c4b1-eb70-4727-4f06-430ea4e08b04,7fcb9597-2784-497e-6308-95b1d4779ebf,984ee863-202f-423f-dced-fff2d7bc9a35,image,0.89
93a700bf-5e07-4794-486e-2a5cf0fd4385,b3d6e994-9e84-464b-965d-64d81f667e38,54951b22-b8b2-42a8-34ef-8607a7bd5d27,image,0.95
057f6a18-f7e2-47c0-28e4-53914ca34e71,77b3899a-7bf7-4562-94ac-685f431796ae,0892ca88-3415-4f93-b5bc-7a58840c5b15,image,0.76
59e34fdc-33a3-45dd-1ed4-0afc4c85e34f,420c6bb4-925b-4006-80af-9b8b9b093af5,873f9374-ebb8-4eff-7c0c-4883e4c1cc92,image,0.81
b6f666b8-cceb-4c70-e42b-1437a13d41fa,dfd6d123-d6ad-4e80-d1a4-c35c3f725bd0,918a1298-e861-4fe1-6f70-45947d26e95b,image,0.89
19f21723-1b5f-44b9-0b77-66c0086e5450,d15d388d-00e1-4225-10ba-dde90db082ff,6af0c538-e318-47cf-be65-eeff551534de,image,0.94
36a9df4f-2e45-4517-ea44-3a58e20b2ba4,bce0b89d-1c23-4f60-5ab7-23c7225804c4,d0a4d3bc-c5d1-47fa-af1e-dbb5bd1f2a7a,image,0.73
def2142e-a51a-4675-6a07-18b5c7a84b97,fde5b9a1-f2c6-43f1-9661-0ee28277ac1e,8d80a224-0420-48cb-ed52-21c841ad38be,image,0.83
9c7768a3-8489-4323-4566-9b6b819f4dc9,d733f5ec-6f47-4cf3-1b79-ea06ff4169e4,4784d4fe-92b3-4e92-1377-087f8167a85c,image,0.87
5e62c5e4-d909-4e12-ad96-6eede8778d8e,354b1429-8579-4990-3eae-4d1791cd0c9a,476c5033-f244-496e-9b68-673155042edd,image,0.88
86f050ae-401f-4237-3d3c-e8f2184c2b57,63e0878b-d363-4f78-1512-d6436e812822,37392ab0-d04d-4df3-f372-1072c1fbbb95,image,0.96
49ed683e-3e52-4b57-2eca-709adb6afbfa,5537eed2-b067-4c6a-554e-6cd376a76247,ae2f09d1-fa04-4882-b99b-75249894d5d5,image,0.82
093e52f9-acdf-4535-8abf-63c08614c03b,e5b65495-641a-4ddb-9d49-ab655d1f1b6f,cfcdc066-bb3e-4216-f926-31e47106433e,image,0.94
b171af00-c2f9-4f2a-d785-3e8164a1d637,46526ed8-0925-4626-eb68-db8bdd42cc4a,d270f3ae-caad-4aa3-03b6-2f9269cd9bdd,image,0.9
3ab7e6b0-2106-42b3-ba7d-bf3c0f3e6e44,64bdf02c-f474-4322-f46c-c58b526e86fb,c20bf9ed-ef9f-4154-93bf-605f45ceb65e,image,0.99
a78e164d-57ff-491f-ac72-94b1ede423e1,4e55c7a8-c869-4b9a-901f-d26afd633a3d,66045b53-2496-44f8-f636-5251dab96944,image,0.81
73d0f608-9984-4d4a-a8d3-25e39862f1f3,e9f91f2c-3f62-41bb-03f3-c104fd38f635,b0629d85-d669-4917-523c-8e0c1a3f9aad,image,0.98
7bade40c-9115-46b1-7138-1f0a769e746c,1b87ac11-ed86-4ad8-505a-2f54016387ba,a6a0009d-d3c8-478e-292b-9302645ef6f8,image,0.85
95034c3d-4b17-4504-3636-b8b994015da2,dd4e56d3-5320-4e5c-d17d-5c6406779ed9,6e6aaebc-6afc-4cbd-9cbe-ad825de8d034,image,0.98
2a712273-65fc-4004-73dc-36f335aa7bdf,09c069e3-b62d-4cf8-0388-d371d54b7374,16e9ff77-d73b-4816-1000-d8afb62d5aea,image,0.93
191e7ca4-f116-44a5-6dba-106faa2253f8,867feac1-7bd8-46be-9c84-fb4abb2d1c76,14a09e46-4ce7-43f3-2597-12f5427a0f47,image,0.71
82e72ce4-3ec3-4bcc-30c4-c6dd6ca4bb41,932246c2-c93d-4274-c61c-f449152274ea,4fab6249-855a-43ae-a7ff-2487e572e5d7,image,0.85
d92a19f1-2079-449c-7083-aac192a510e5,28734df7-e0c8-43e0-70e5-8c2f74e3b4a3,af6ab77b-100e-4067-e616-64797c199f9e,image,0.91
5543fc9b-89a1-4588-7336-7ed60422f3e8,477f937f-3958-4fb7-4c41-bdf916a4b35e,ebee35a0-5f74-4fd7-a520-959a9bfffee8,image,0.75
583bb552-45c7-4ec5-411f-1be700723a43,692cc09b-3412-44c0-8c1f-0924b1f504bf,68a39dbb-ed04-42ca-8ae1-edabc8ba2c0a,image,0.75
a6e51445-6bd9-49a6-92f8-dccc5f671a2b,d2286856-0ef5-4901-d65b-117cd8942d78,c36988cf-1c5f-40b4-69ef-8b8eae90f999,image,0.88
aa79db30-584c-4c31-ad58-c50039117920,26ccd3b4-c31c-4021-fa4a-954fa8ca171b,09035d09-7e36-455a-e9e7-489de529c41e,image,0.98
c1776096-7f37-4420-1241-ef9852c31cb6,5c985da6-1e65-4211-7559-3ab2e5f34bbd,be9a85a5-dc46-4599-3e4c-0736fcdc69a5,image,0.92
986f2442-5e7f-42fa-48e2-9ef7fdf4bda1,e0ca2eba-fda3-4892-8674-43d39bb1fa6f,1714ce67-9869-4470-0abf-94a0951af0ad,image,0.73
eaec2658-8f99-402e-d8ab-0b1805d6aa50,4b2be39b-8ca4-4b65-4eae-7e717b92f0ce,d51641d2-20ee-4a80-445b-b2fad6952863,image,0.78
f60f3518-882c-41c0-cc95-3a87ce874b13,8c34b036-2efc-4299-e207-ce4065893640,621dec69-12f2-474b-84b5-770b7751f82c,image,0.85
be8a8b2e-d39c-40a3-10a0-769f28d9fd35,fc3882e7-64f0-4181-b6ee-91fee02b60e9,5e3aead3-2aa8-4e7f-bb7a-52d2c5a3a4f9,image,0.92
c5f7d8ef-d4b9-4f21-3ec1-e854faf9d714,f033d280-2835-411f-a9c5-411121b232a1,c2734e04-cf3e-4221-19fc-9abc5bc1558d,image,0.71
97032c95-2dd4-46da-485b-103ec491ae24,3d32fb62-0155-46a5-1528-285c75d92c35,514af388-9f0e-484f-668d-8165dae3bae8,image,0.95
3c324721-72d5-45e7-a74a-1a9d1266b736,00a0ef02-9fcf-42ed-551c-7a92f1b70f5d,abe54558-cba1-4f77-2f0e-864420e5ff9b,image,0.79
2cc17021-d4f7-4723-7fdf-2797344e8016,6dd639d8-0cd4-488d-9326-45731778b36c,d64228f5-2e25-4244-4655-a27ef662ac6f,image,0.81
6948bec9-32c0-411f-d0a0-7bf8862eddff,b5caa231-d360-4d3d-02a1-e35758457630,76576536-33de-4fb0-6021-fdfebf87e0bb,image,0.92
1138d55a-d572-41b3-e05d-2b91df0877e5,7f2e492f-7bc4-47a9-b714-f5c0bdb9d490,abe3b122-f3fa-4651-9932-17856de423a4,image,0.79
bf4761a9-9bcb-46e5-452f-a0a0a9d7c375,1d8d638e-5f5b-44cb-741c-ccefcebe3bda,973c9a3c-222c-450d-9cd7-dbcfa2a1580e,image,0.97
7b0b1681-3cd4-4844-7b3a-c1d091cb7576,ebc5d831-4ae5-4b0e-208f-78e7c44add3a,695273bf-5656-4020-fe15-f583ac2a0c70,image,0.83
a0457203-8375-4027-05d7-9f09a6202ad9,709cb87b-63ee-4f2c-739a-8b544a57101b,c8a0e03a-811f-4ed2-0427-75e1593f3e11,image,0.75
63f202f8-7f7a-4fe7-0bd6-baff8240996c,3edcce69-79e3-40eb-8cf4-52aa07fe0cb0,97d641ca-b1d6-4b67-7a8c-a8e454c86891,image,0.94
52df929c-63a0-4606-18cd-fcbbcfa9ab20,956e8943-55bf-4045-2d38-38a978d86db9,a22863d3-5485-41cb-fb0d-46856fd3fc44,image,0.93
6dbf66c9-835c-49fc-29d5-170203ecf23d,eaa3514d-7ecd-488c-d83d-69f96ce56f0f,f01ba748-1223-48b0-e010-27d902b504c7,image,0.73
79faebb9-3403-41d2-959f-9486dfe465fc,5257a340-09b9-4e5b-40b8-2d860d76f2a6,9f6b7373-3d31-4c3c-17f5-ca50a347fd44,image,0.96
63446d48-1a27-459f-8639-3bffa1121351,03684fef-3540-4dfb-b31d-94fd8b3de4b4,e6980db3-bcb5-4246-57a7-c3e198434467,image,0.72
800046d0-beda-4a8b-7c27-a9e06ad84305,d0bb3980-5921-42ba-66de-28119e1a4969,fae2f71c-9e87-4281-039d-e03d2873e4e5,image,0.87
8c645fa8-a5bf-4ca5-b074-e0445b98fc78,9fa34968-7b3a-44f8-5f3a-4da6e353c613,d5df078e-46da-40ad-b0d3-ae61ba29c431,image,0.86
779a60e9-ec9a-4135-d0ee-736e0717202f,80454c64-a2f6-4eda-1cd8-23b117dfa723,f8608825-90c7-4fdb-1415-8fa8e2438f0a,image,0.86
f05680f6-a949-48b5-1929-30feb49c845c,08b18466-b2fe-46d5-9616-f33e90f7b194,29ec0c01-29ca-458d-eaed-6ebe501a27c8,image,0.87
7d0913ff-7ca3-4571-b846-22d1ffa89651,1478f6ec-2dec-4ea0-6d2f-222a7586acb2,e64a2e2a-29af-4c1c-6484-55973db4f65a,image,0.73
5abec13f-9ae7-4f00-6f87-1efadfc4207d,bac964b1-abfa-48c4-0a2c-bf6ba30d4c4a,037f98b2-5b2b-4065-39cf-56123de95d94,image,0.77
82d48161-ce67-47e8-ef7b-cee7e994d4c4,350dd228-e814-406c-cb71-aff5e26c7fee,d57f9b3a-9638-456e-4b13-7b69056cb8ed,image,0.74
b841ec37-3840-4fcb-31a4-8c1bc3b1dce5,802743aa-4efe-4237-f47c-3ffb186a64a7,17594ccb-1643-4a6d-7e26-048353b88484,image,0.77
235806c8-20e4-4bbe-3c17-c6ae03c31ca5,bb555f60-e3a7-4fcc-0786-33c60d8a74ec,75fb702d-ded2-4b40-7a06-2a266c6413e0,image,0.74
b5808fe3-f702-4294-0710-c62f1d7bedd3,94809a0e-2053-40d8-62a2-2a577260c8c7,ec62a924-0a35-4118-38ca-f1f7c9ed7be5,image,0.86
71994485-4e80-443e-5d0c-aa6d6f5fa61e,74a6c754-038c-471c-7324-4bab8dd5771a,ea22215b-7212-4d2e-4fc9-9cedf1bb3900,image,0.93
b3fd29c3-9539-4fea-74e3-d633f67dfdfc,47c27ca4-2027-4716-266b-34acf1b9e1cd,6709ef1c-e10e-4d27-e73b-68421e916568,image,0.74
fba544a1-1913-4c3e-a49b-c328be2842c0,f29c3980-fa18-4b8a-6440-d314f6b8ff53,4f27a773-ba53-4ed6-1284-7b36074a4814,image,0.84
9058660d-21fe-4f5b-205a-63c8ae3a98bf,d2c5c2bb-395f-47e4-f163-c9de6251bba3,e21f0e61-d96d-4145-558e-55da6fd8be1a,image,0.77
59dc44cf-cbfa-4f64-d2b9-62d49300ceaf,82b18914-7045-4b7e-7753-feed0caacec9,60957a11-b013-4d4e-b2a2-3d53504f7ba0,image,0.81
5b18c141-51e0-49c9-19dd-c728670173e0,5e1676fc-21de-44dc-3cdf-d2076f3b20c7,18975a77-9b47-45ae-3c19-f9072892d4c5,image,0.79
d3746d06-94f0-41bd-d406-a6325f840819,696bbdd7-6ce6-4ed6-4502-8c4d3d93c41d,889a7fac-5c0d-4954-564a-b417ee21578f,image,0.75
a2b8fed9-c67f-4225-66bb-9cc54c1b087b,6df77b1b-baed-4c7a-ce3a-3d6f8ff703f4,7be91246-61e1-4070-6f64-1fd51e10ac8a,image,0.97
10f9f330-9eb1-42ec-9a51-88e478da2134,002a877a-9d75-42b0-7761-c4d599bac233,7f26a15c-d056-4da1-7bd4-6d541a925985,image,0.75
8ffa1b3f-626e-4aa5-b99e-39c73af21972,22abcee1-14c1-41a2-aa4b-5d76e827242f,8e082def-c87c-4160-3298-78e6b740a95d,image,0.85